paradigm,window,subject,fold,model,method,label_source,sample_idx,class_idx,runtime_seconds,hardware,score_type,n_samples_timed,partition_id,n_partitions,method_params
MI,2.5-5,43,1,tgarnet,KernelSHAP,y_test,0,0,10.882644961000096,NVIDIA T4 GPU,logits,20,,,"{'background_size': 8, 'nsamples': 500, 'l1_reg': 'num_features(200)', 'predict_batch_size': 512, 'random_state': 42}"
MI,2.5-5,43,1,tgarnet,KernelSHAP,y_test,1,0,10.379636188999939,NVIDIA T4 GPU,logits,20,,,"{'background_size': 8, 'nsamples': 500, 'l1_reg': 'num_features(200)', 'predict_batch_size': 512, 'random_state': 42}"
MI,2.5-5,43,1,tgarnet,KernelSHAP,y_test,3,0,9.751356762000114,NVIDIA T4 GPU,logits,20,,,"{'background_size': 8, 'nsamples': 500, 'l1_reg': 'num_features(200)', 'predict_batch_size': 512, 'random_state': 42}"
MI,2.5-5,43,1,tgarnet,KernelSHAP,y_test,7,1,10.169122859000026,NVIDIA T4 GPU,logits,20,,,"{'background_size': 8, 'nsamples': 500, 'l1_reg': 'num_features(200)', 'predict_batch_size': 512, 'random_state': 42}"
MI,2.5-5,43,1,tgarnet,KernelSHAP,y_test,9,0,10.90734931299994,NVIDIA T4 GPU,logits,20,,,"{'background_size': 8, 'nsamples': 500, 'l1_reg': 'num_features(200)', 'predict_batch_size': 512, 'random_state': 42}"
MI,2.5-5,43,1,tgarnet,KernelSHAP,y_test,11,0,9.896793280999873,NVIDIA T4 GPU,logits,20,,,"{'background_size': 8, 'nsamples': 500, 'l1_reg': 'num_features(200)', 'predict_batch_size': 512, 'random_state': 42}"
MI,2.5-5,43,1,tgarnet,KernelSHAP,y_test,12,0,10.699175209000032,NVIDIA T4 GPU,logits,20,,,"{'background_size': 8, 'nsamples': 500, 'l1_reg': 'num_features(200)', 'predict_batch_size': 512, 'random_state': 42}"
MI,2.5-5,43,1,tgarnet,KernelSHAP,y_test,14,1,10.525882665000154,NVIDIA T4 GPU,logits,20,,,"{'background_size': 8, 'nsamples': 500, 'l1_reg': 'num_features(200)', 'predict_batch_size': 512, 'random_state': 42}"
MI,2.5-5,43,1,tgarnet,KernelSHAP,y_test,17,0,11.040046186000154,NVIDIA T4 GPU,logits,20,,,"{'background_size': 8, 'nsamples': 500, 'l1_reg': 'num_features(200)', 'predict_batch_size': 512, 'random_state': 42}"
MI,2.5-5,43,1,tgarnet,KernelSHAP,y_test,18,0,9.64134342300008,NVIDIA T4 GPU,logits,20,,,"{'background_size': 8, 'nsamples': 500, 'l1_reg': 'num_features(200)', 'predict_batch_size': 512, 'random_state': 42}"
MI,2.5-5,43,1,tgarnet,KernelSHAP,y_test,19,0,10.913826679000067,NVIDIA T4 GPU,logits,20,,,"{'background_size': 8, 'nsamples': 500, 'l1_reg': 'num_features(200)', 'predict_batch_size': 512, 'random_state': 42}"
MI,2.5-5,43,1,tgarnet,KernelSHAP,y_test,23,1,10.957771197000056,NVIDIA T4 GPU,logits,20,,,"{'background_size': 8, 'nsamples': 500, 'l1_reg': 'num_features(200)', 'predict_batch_size': 512, 'random_state': 42}"
MI,2.5-5,43,1,tgarnet,KernelSHAP,y_test,24,1,10.786006188000101,NVIDIA T4 GPU,logits,20,,,"{'background_size': 8, 'nsamples': 500, 'l1_reg': 'num_features(200)', 'predict_batch_size': 512, 'random_state': 42}"
MI,2.5-5,43,1,tgarnet,KernelSHAP,y_test,27,1,9.84763126100006,NVIDIA T4 GPU,logits,20,,,"{'background_size': 8, 'nsamples': 500, 'l1_reg': 'num_features(200)', 'predict_batch_size': 512, 'random_state': 42}"
MI,2.5-5,43,1,tgarnet,KernelSHAP,y_test,29,1,10.426155548999986,NVIDIA T4 GPU,logits,20,,,"{'background_size': 8, 'nsamples': 500, 'l1_reg': 'num_features(200)', 'predict_batch_size': 512, 'random_state': 42}"
MI,2.5-5,43,1,tgarnet,KernelSHAP,y_test,30,1,10.865328515999863,NVIDIA T4 GPU,logits,20,,,"{'background_size': 8, 'nsamples': 500, 'l1_reg': 'num_features(200)', 'predict_batch_size': 512, 'random_state': 42}"
MI,2.5-5,43,1,tgarnet,KernelSHAP,y_test,32,1,10.412581631999956,NVIDIA T4 GPU,logits,20,,,"{'background_size': 8, 'nsamples': 500, 'l1_reg': 'num_features(200)', 'predict_batch_size': 512, 'random_state': 42}"
MI,2.5-5,43,1,tgarnet,KernelSHAP,y_test,35,0,10.460826730999997,NVIDIA T4 GPU,logits,20,,,"{'background_size': 8, 'nsamples': 500, 'l1_reg': 'num_features(200)', 'predict_batch_size': 512, 'random_state': 42}"
MI,2.5-5,43,1,tgarnet,KernelSHAP,y_test,38,1,10.3546648250001,NVIDIA T4 GPU,logits,20,,,"{'background_size': 8, 'nsamples': 500, 'l1_reg': 'num_features(200)', 'predict_batch_size': 512, 'random_state': 42}"
MI,2.5-5,43,1,tgarnet,KernelSHAP,y_test,39,1,10.908212398999922,NVIDIA T4 GPU,logits,20,,,"{'background_size': 8, 'nsamples': 500, 'l1_reg': 'num_features(200)', 'predict_batch_size': 512, 'random_state': 42}"
MI,2.5-5,43,1,tgarnet,LIME,y_test,0,0,2.610752313000148,NVIDIA T4 GPU,probabilities,20,,,"{'background_size': 30, 'num_features': 200, 'num_samples': 1000, 'predict_batch_size': 512, 'random_state': 42}"
MI,2.5-5,43,1,tgarnet,LIME,y_test,1,0,2.449080718999994,NVIDIA T4 GPU,probabilities,20,,,"{'background_size': 30, 'num_features': 200, 'num_samples': 1000, 'predict_batch_size': 512, 'random_state': 42}"
MI,2.5-5,43,1,tgarnet,LIME,y_test,3,0,2.4601048429999537,NVIDIA T4 GPU,probabilities,20,,,"{'background_size': 30, 'num_features': 200, 'num_samples': 1000, 'predict_batch_size': 512, 'random_state': 42}"
MI,2.5-5,43,1,tgarnet,LIME,y_test,7,1,3.6440740640000513,NVIDIA T4 GPU,probabilities,20,,,"{'background_size': 30, 'num_features': 200, 'num_samples': 1000, 'predict_batch_size': 512, 'random_state': 42}"
MI,2.5-5,43,1,tgarnet,LIME,y_test,9,0,2.8896809909999774,NVIDIA T4 GPU,probabilities,20,,,"{'background_size': 30, 'num_features': 200, 'num_samples': 1000, 'predict_batch_size': 512, 'random_state': 42}"
MI,2.5-5,43,1,tgarnet,LIME,y_test,11,0,2.3719449780001014,NVIDIA T4 GPU,probabilities,20,,,"{'background_size': 30, 'num_features': 200, 'num_samples': 1000, 'predict_batch_size': 512, 'random_state': 42}"
MI,2.5-5,43,1,tgarnet,LIME,y_test,12,0,2.5187161970000034,NVIDIA T4 GPU,probabilities,20,,,"{'background_size': 30, 'num_features': 200, 'num_samples': 1000, 'predict_batch_size': 512, 'random_state': 42}"
MI,2.5-5,43,1,tgarnet,LIME,y_test,14,1,2.3811839130000862,NVIDIA T4 GPU,probabilities,20,,,"{'background_size': 30, 'num_features': 200, 'num_samples': 1000, 'predict_batch_size': 512, 'random_state': 42}"
MI,2.5-5,43,1,tgarnet,LIME,y_test,17,0,3.3589064380000764,NVIDIA T4 GPU,probabilities,20,,,"{'background_size': 30, 'num_features': 200, 'num_samples': 1000, 'predict_batch_size': 512, 'random_state': 42}"
MI,2.5-5,43,1,tgarnet,LIME,y_test,18,0,3.046110666000004,NVIDIA T4 GPU,probabilities,20,,,"{'background_size': 30, 'num_features': 200, 'num_samples': 1000, 'predict_batch_size': 512, 'random_state': 42}"
MI,2.5-5,43,1,tgarnet,LIME,y_test,19,0,2.5047051750000264,NVIDIA T4 GPU,probabilities,20,,,"{'background_size': 30, 'num_features': 200, 'num_samples': 1000, 'predict_batch_size': 512, 'random_state': 42}"
MI,2.5-5,43,1,tgarnet,LIME,y_test,23,1,2.447045483000011,NVIDIA T4 GPU,probabilities,20,,,"{'background_size': 30, 'num_features': 200, 'num_samples': 1000, 'predict_batch_size': 512, 'random_state': 42}"
MI,2.5-5,43,1,tgarnet,LIME,y_test,24,1,2.605474605000154,NVIDIA T4 GPU,probabilities,20,,,"{'background_size': 30, 'num_features': 200, 'num_samples': 1000, 'predict_batch_size': 512, 'random_state': 42}"
MI,2.5-5,43,1,tgarnet,LIME,y_test,27,1,3.12689976799993,NVIDIA T4 GPU,probabilities,20,,,"{'background_size': 30, 'num_features': 200, 'num_samples': 1000, 'predict_batch_size': 512, 'random_state': 42}"
MI,2.5-5,43,1,tgarnet,LIME,y_test,29,1,2.9248191090000546,NVIDIA T4 GPU,probabilities,20,,,"{'background_size': 30, 'num_features': 200, 'num_samples': 1000, 'predict_batch_size': 512, 'random_state': 42}"
MI,2.5-5,43,1,tgarnet,LIME,y_test,30,1,2.4449917829999777,NVIDIA T4 GPU,probabilities,20,,,"{'background_size': 30, 'num_features': 200, 'num_samples': 1000, 'predict_batch_size': 512, 'random_state': 42}"
MI,2.5-5,43,1,tgarnet,LIME,y_test,32,1,2.4862731790001362,NVIDIA T4 GPU,probabilities,20,,,"{'background_size': 30, 'num_features': 200, 'num_samples': 1000, 'predict_batch_size': 512, 'random_state': 42}"
MI,2.5-5,43,1,tgarnet,LIME,y_test,35,0,2.398645878000025,NVIDIA T4 GPU,probabilities,20,,,"{'background_size': 30, 'num_features': 200, 'num_samples': 1000, 'predict_batch_size': 512, 'random_state': 42}"
MI,2.5-5,43,1,tgarnet,LIME,y_test,38,1,2.673584154999844,NVIDIA T4 GPU,probabilities,20,,,"{'background_size': 30, 'num_features': 200, 'num_samples': 1000, 'predict_batch_size': 512, 'random_state': 42}"
MI,2.5-5,43,1,tgarnet,LIME,y_test,39,1,3.7447448969999186,NVIDIA T4 GPU,probabilities,20,,,"{'background_size': 30, 'num_features': 200, 'num_samples': 1000, 'predict_batch_size': 512, 'random_state': 42}"
MI,2.5-5,43,1,tgarnet,Occlusion,y_test,0,0,1.0484549979998974,NVIDIA T4 GPU,logits,20,,,"{'fs': 128, 'window_seconds': 1.0, 'stride_seconds': 0.25, 'baseline_value': None, 'background_size': 30, 'occ_batch_size': 256, 'predict_batch_size': 512, 'random_state': 42}"
MI,2.5-5,43,1,tgarnet,Occlusion,y_test,1,0,0.48983512900008463,NVIDIA T4 GPU,logits,20,,,"{'fs': 128, 'window_seconds': 1.0, 'stride_seconds': 0.25, 'baseline_value': None, 'background_size': 30, 'occ_batch_size': 256, 'predict_batch_size': 512, 'random_state': 42}"
MI,2.5-5,43,1,tgarnet,Occlusion,y_test,3,0,0.49582408699984626,NVIDIA T4 GPU,logits,20,,,"{'fs': 128, 'window_seconds': 1.0, 'stride_seconds': 0.25, 'baseline_value': None, 'background_size': 30, 'occ_batch_size': 256, 'predict_batch_size': 512, 'random_state': 42}"
MI,2.5-5,43,1,tgarnet,Occlusion,y_test,7,1,0.5388004449998789,NVIDIA T4 GPU,logits,20,,,"{'fs': 128, 'window_seconds': 1.0, 'stride_seconds': 0.25, 'baseline_value': None, 'background_size': 30, 'occ_batch_size': 256, 'predict_batch_size': 512, 'random_state': 42}"
MI,2.5-5,43,1,tgarnet,Occlusion,y_test,9,0,0.5014258779999636,NVIDIA T4 GPU,logits,20,,,"{'fs': 128, 'window_seconds': 1.0, 'stride_seconds': 0.25, 'baseline_value': None, 'background_size': 30, 'occ_batch_size': 256, 'predict_batch_size': 512, 'random_state': 42}"
MI,2.5-5,43,1,tgarnet,Occlusion,y_test,11,0,0.49227301999985684,NVIDIA T4 GPU,logits,20,,,"{'fs': 128, 'window_seconds': 1.0, 'stride_seconds': 0.25, 'baseline_value': None, 'background_size': 30, 'occ_batch_size': 256, 'predict_batch_size': 512, 'random_state': 42}"
MI,2.5-5,43,1,tgarnet,Occlusion,y_test,12,0,0.4730622409999796,NVIDIA T4 GPU,logits,20,,,"{'fs': 128, 'window_seconds': 1.0, 'stride_seconds': 0.25, 'baseline_value': None, 'background_size': 30, 'occ_batch_size': 256, 'predict_batch_size': 512, 'random_state': 42}"
MI,2.5-5,43,1,tgarnet,Occlusion,y_test,14,1,0.5240912579999986,NVIDIA T4 GPU,logits,20,,,"{'fs': 128, 'window_seconds': 1.0, 'stride_seconds': 0.25, 'baseline_value': None, 'background_size': 30, 'occ_batch_size': 256, 'predict_batch_size': 512, 'random_state': 42}"
MI,2.5-5,43,1,tgarnet,Occlusion,y_test,17,0,0.48867488199994114,NVIDIA T4 GPU,logits,20,,,"{'fs': 128, 'window_seconds': 1.0, 'stride_seconds': 0.25, 'baseline_value': None, 'background_size': 30, 'occ_batch_size': 256, 'predict_batch_size': 512, 'random_state': 42}"
MI,2.5-5,43,1,tgarnet,Occlusion,y_test,18,0,0.5221534739998788,NVIDIA T4 GPU,logits,20,,,"{'fs': 128, 'window_seconds': 1.0, 'stride_seconds': 0.25, 'baseline_value': None, 'background_size': 30, 'occ_batch_size': 256, 'predict_batch_size': 512, 'random_state': 42}"
MI,2.5-5,43,1,tgarnet,Occlusion,y_test,19,0,0.5304069720000371,NVIDIA T4 GPU,logits,20,,,"{'fs': 128, 'window_seconds': 1.0, 'stride_seconds': 0.25, 'baseline_value': None, 'background_size': 30, 'occ_batch_size': 256, 'predict_batch_size': 512, 'random_state': 42}"
MI,2.5-5,43,1,tgarnet,Occlusion,y_test,23,1,0.5081768339998689,NVIDIA T4 GPU,logits,20,,,"{'fs': 128, 'window_seconds': 1.0, 'stride_seconds': 0.25, 'baseline_value': None, 'background_size': 30, 'occ_batch_size': 256, 'predict_batch_size': 512, 'random_state': 42}"
MI,2.5-5,43,1,tgarnet,Occlusion,y_test,24,1,0.4955783909999809,NVIDIA T4 GPU,logits,20,,,"{'fs': 128, 'window_seconds': 1.0, 'stride_seconds': 0.25, 'baseline_value': None, 'background_size': 30, 'occ_batch_size': 256, 'predict_batch_size': 512, 'random_state': 42}"
MI,2.5-5,43,1,tgarnet,Occlusion,y_test,27,1,0.5213568799999848,NVIDIA T4 GPU,logits,20,,,"{'fs': 128, 'window_seconds': 1.0, 'stride_seconds': 0.25, 'baseline_value': None, 'background_size': 30, 'occ_batch_size': 256, 'predict_batch_size': 512, 'random_state': 42}"
MI,2.5-5,43,1,tgarnet,Occlusion,y_test,29,1,0.4911889390000397,NVIDIA T4 GPU,logits,20,,,"{'fs': 128, 'window_seconds': 1.0, 'stride_seconds': 0.25, 'baseline_value': None, 'background_size': 30, 'occ_batch_size': 256, 'predict_batch_size': 512, 'random_state': 42}"
MI,2.5-5,43,1,tgarnet,Occlusion,y_test,30,1,0.5118705959998806,NVIDIA T4 GPU,logits,20,,,"{'fs': 128, 'window_seconds': 1.0, 'stride_seconds': 0.25, 'baseline_value': None, 'background_size': 30, 'occ_batch_size': 256, 'predict_batch_size': 512, 'random_state': 42}"
MI,2.5-5,43,1,tgarnet,Occlusion,y_test,32,1,0.4798769629999242,NVIDIA T4 GPU,logits,20,,,"{'fs': 128, 'window_seconds': 1.0, 'stride_seconds': 0.25, 'baseline_value': None, 'background_size': 30, 'occ_batch_size': 256, 'predict_batch_size': 512, 'random_state': 42}"
MI,2.5-5,43,1,tgarnet,Occlusion,y_test,35,0,0.4986594199999672,NVIDIA T4 GPU,logits,20,,,"{'fs': 128, 'window_seconds': 1.0, 'stride_seconds': 0.25, 'baseline_value': None, 'background_size': 30, 'occ_batch_size': 256, 'predict_batch_size': 512, 'random_state': 42}"
MI,2.5-5,43,1,tgarnet,Occlusion,y_test,38,1,0.7194939969999723,NVIDIA T4 GPU,logits,20,,,"{'fs': 128, 'window_seconds': 1.0, 'stride_seconds': 0.25, 'baseline_value': None, 'background_size': 30, 'occ_batch_size': 256, 'predict_batch_size': 512, 'random_state': 42}"
MI,2.5-5,43,1,tgarnet,Occlusion,y_test,39,1,0.7067627589999574,NVIDIA T4 GPU,logits,20,,,"{'fs': 128, 'window_seconds': 1.0, 'stride_seconds': 0.25, 'baseline_value': None, 'background_size': 30, 'occ_batch_size': 256, 'predict_batch_size': 512, 'random_state': 42}"
MI,2.5-5,43,1,tgarnet,IntegratedGradients,y_test,0,0,2.0497829690000344,NVIDIA T4 GPU,logits,20,,,"{'baseline': None, 'background_size': 30, 'steps': 50, 'batch_size': 1, 'random_state': 42}"
MI,2.5-5,43,1,tgarnet,IntegratedGradients,y_test,1,0,0.21617601599996306,NVIDIA T4 GPU,logits,20,,,"{'baseline': None, 'background_size': 30, 'steps': 50, 'batch_size': 1, 'random_state': 42}"
MI,2.5-5,43,1,tgarnet,IntegratedGradients,y_test,3,0,0.20797596899978998,NVIDIA T4 GPU,logits,20,,,"{'baseline': None, 'background_size': 30, 'steps': 50, 'batch_size': 1, 'random_state': 42}"
MI,2.5-5,43,1,tgarnet,IntegratedGradients,y_test,7,1,0.22369367800001783,NVIDIA T4 GPU,logits,20,,,"{'baseline': None, 'background_size': 30, 'steps': 50, 'batch_size': 1, 'random_state': 42}"
MI,2.5-5,43,1,tgarnet,IntegratedGradients,y_test,9,0,0.21243810800001484,NVIDIA T4 GPU,logits,20,,,"{'baseline': None, 'background_size': 30, 'steps': 50, 'batch_size': 1, 'random_state': 42}"
MI,2.5-5,43,1,tgarnet,IntegratedGradients,y_test,11,0,0.21039123700006712,NVIDIA T4 GPU,logits,20,,,"{'baseline': None, 'background_size': 30, 'steps': 50, 'batch_size': 1, 'random_state': 42}"
MI,2.5-5,43,1,tgarnet,IntegratedGradients,y_test,12,0,0.22438599699989936,NVIDIA T4 GPU,logits,20,,,"{'baseline': None, 'background_size': 30, 'steps': 50, 'batch_size': 1, 'random_state': 42}"
MI,2.5-5,43,1,tgarnet,IntegratedGradients,y_test,14,1,0.20813109999994595,NVIDIA T4 GPU,logits,20,,,"{'baseline': None, 'background_size': 30, 'steps': 50, 'batch_size': 1, 'random_state': 42}"
MI,2.5-5,43,1,tgarnet,IntegratedGradients,y_test,17,0,0.21013707699989936,NVIDIA T4 GPU,logits,20,,,"{'baseline': None, 'background_size': 30, 'steps': 50, 'batch_size': 1, 'random_state': 42}"
MI,2.5-5,43,1,tgarnet,IntegratedGradients,y_test,18,0,0.21005334599999514,NVIDIA T4 GPU,logits,20,,,"{'baseline': None, 'background_size': 30, 'steps': 50, 'batch_size': 1, 'random_state': 42}"
MI,2.5-5,43,1,tgarnet,IntegratedGradients,y_test,19,0,0.21081624499993268,NVIDIA T4 GPU,logits,20,,,"{'baseline': None, 'background_size': 30, 'steps': 50, 'batch_size': 1, 'random_state': 42}"
MI,2.5-5,43,1,tgarnet,IntegratedGradients,y_test,23,1,0.22603327299998455,NVIDIA T4 GPU,logits,20,,,"{'baseline': None, 'background_size': 30, 'steps': 50, 'batch_size': 1, 'random_state': 42}"
MI,2.5-5,43,1,tgarnet,IntegratedGradients,y_test,24,1,0.20669744899987563,NVIDIA T4 GPU,logits,20,,,"{'baseline': None, 'background_size': 30, 'steps': 50, 'batch_size': 1, 'random_state': 42}"
MI,2.5-5,43,1,tgarnet,IntegratedGradients,y_test,27,1,0.2122661620001054,NVIDIA T4 GPU,logits,20,,,"{'baseline': None, 'background_size': 30, 'steps': 50, 'batch_size': 1, 'random_state': 42}"
MI,2.5-5,43,1,tgarnet,IntegratedGradients,y_test,29,1,0.2066339349998998,NVIDIA T4 GPU,logits,20,,,"{'baseline': None, 'background_size': 30, 'steps': 50, 'batch_size': 1, 'random_state': 42}"
MI,2.5-5,43,1,tgarnet,IntegratedGradients,y_test,30,1,0.21129953900003784,NVIDIA T4 GPU,logits,20,,,"{'baseline': None, 'background_size': 30, 'steps': 50, 'batch_size': 1, 'random_state': 42}"
MI,2.5-5,43,1,tgarnet,IntegratedGradients,y_test,32,1,0.22482064899986653,NVIDIA T4 GPU,logits,20,,,"{'baseline': None, 'background_size': 30, 'steps': 50, 'batch_size': 1, 'random_state': 42}"
MI,2.5-5,43,1,tgarnet,IntegratedGradients,y_test,35,0,0.225077039000098,NVIDIA T4 GPU,logits,20,,,"{'baseline': None, 'background_size': 30, 'steps': 50, 'batch_size': 1, 'random_state': 42}"
MI,2.5-5,43,1,tgarnet,IntegratedGradients,y_test,38,1,0.2117117780001081,NVIDIA T4 GPU,logits,20,,,"{'baseline': None, 'background_size': 30, 'steps': 50, 'batch_size': 1, 'random_state': 42}"
MI,2.5-5,43,1,tgarnet,IntegratedGradients,y_test,39,1,0.21187153699997907,NVIDIA T4 GPU,logits,20,,,"{'baseline': None, 'background_size': 30, 'steps': 50, 'batch_size': 1, 'random_state': 42}"
MI,2.5-5,43,1,tgarnet,GradCAM++,y_test,0,0,0.18049151400009578,NVIDIA T4 GPU,logits,20,,,{'layer_name': None}
MI,2.5-5,43,1,tgarnet,GradCAM++,y_test,1,0,0.09106048900002861,NVIDIA T4 GPU,logits,20,,,{'layer_name': None}
MI,2.5-5,43,1,tgarnet,GradCAM++,y_test,3,0,0.09332417100017665,NVIDIA T4 GPU,logits,20,,,{'layer_name': None}
MI,2.5-5,43,1,tgarnet,GradCAM++,y_test,7,1,0.09121825700003683,NVIDIA T4 GPU,logits,20,,,{'layer_name': None}
MI,2.5-5,43,1,tgarnet,GradCAM++,y_test,9,0,0.09311947700007295,NVIDIA T4 GPU,logits,20,,,{'layer_name': None}
MI,2.5-5,43,1,tgarnet,GradCAM++,y_test,11,0,0.09393324300003769,NVIDIA T4 GPU,logits,20,,,{'layer_name': None}
MI,2.5-5,43,1,tgarnet,GradCAM++,y_test,12,0,0.09129245400004038,NVIDIA T4 GPU,logits,20,,,{'layer_name': None}
MI,2.5-5,43,1,tgarnet,GradCAM++,y_test,14,1,0.0962314430000788,NVIDIA T4 GPU,logits,20,,,{'layer_name': None}
MI,2.5-5,43,1,tgarnet,GradCAM++,y_test,17,0,0.08788389999995161,NVIDIA T4 GPU,logits,20,,,{'layer_name': None}
MI,2.5-5,43,1,tgarnet,GradCAM++,y_test,18,0,0.10845736700002817,NVIDIA T4 GPU,logits,20,,,{'layer_name': None}
MI,2.5-5,43,1,tgarnet,GradCAM++,y_test,19,0,0.09194348699998045,NVIDIA T4 GPU,logits,20,,,{'layer_name': None}
MI,2.5-5,43,1,tgarnet,GradCAM++,y_test,23,1,0.08995184300010806,NVIDIA T4 GPU,logits,20,,,{'layer_name': None}
MI,2.5-5,43,1,tgarnet,GradCAM++,y_test,24,1,0.0883971879998171,NVIDIA T4 GPU,logits,20,,,{'layer_name': None}
MI,2.5-5,43,1,tgarnet,GradCAM++,y_test,27,1,0.097575033999874,NVIDIA T4 GPU,logits,20,,,{'layer_name': None}
MI,2.5-5,43,1,tgarnet,GradCAM++,y_test,29,1,0.08923339500006477,NVIDIA T4 GPU,logits,20,,,{'layer_name': None}
MI,2.5-5,43,1,tgarnet,GradCAM++,y_test,30,1,0.08987235499989765,NVIDIA T4 GPU,logits,20,,,{'layer_name': None}
MI,2.5-5,43,1,tgarnet,GradCAM++,y_test,32,1,0.09713310999995883,NVIDIA T4 GPU,logits,20,,,{'layer_name': None}
MI,2.5-5,43,1,tgarnet,GradCAM++,y_test,35,0,0.08875619400009782,NVIDIA T4 GPU,logits,20,,,{'layer_name': None}
MI,2.5-5,43,1,tgarnet,GradCAM++,y_test,38,1,0.08921546099986699,NVIDIA T4 GPU,logits,20,,,{'layer_name': None}
MI,2.5-5,43,1,tgarnet,GradCAM++,y_test,39,1,0.09370927800000572,NVIDIA T4 GPU,logits,20,,,{'layer_name': None}
MI,2.5-5,43,1,tgarnet,STF-KernelSHAP,y_test,0,0,1.5910255349999716,NVIDIA T4 GPU,logits,20,,,"{'fs': 128, 'time_segments_sec': None, 'freq_bands_hz': [(4.0, 8.0), (8.0, 13.0), (13.0, 30.0), (30.0, 40.0)], 'nfft': 512, 'nsamples': 500, 'l1_reg': 'num_features(200)', 'baseline_tf': None, 'predict_batch_size': 512, 'random_state': 42, 'silent': True}"
MI,2.5-5,43,1,tgarnet,STF-KernelSHAP,y_test,1,0,0.9675412990000041,NVIDIA T4 GPU,logits,20,,,"{'fs': 128, 'time_segments_sec': None, 'freq_bands_hz': [(4.0, 8.0), (8.0, 13.0), (13.0, 30.0), (30.0, 40.0)], 'nfft': 512, 'nsamples': 500, 'l1_reg': 'num_features(200)', 'baseline_tf': None, 'predict_batch_size': 512, 'random_state': 42, 'silent': True}"
MI,2.5-5,43,1,tgarnet,STF-KernelSHAP,y_test,3,0,1.145587573000057,NVIDIA T4 GPU,logits,20,,,"{'fs': 128, 'time_segments_sec': None, 'freq_bands_hz': [(4.0, 8.0), (8.0, 13.0), (13.0, 30.0), (30.0, 40.0)], 'nfft': 512, 'nsamples': 500, 'l1_reg': 'num_features(200)', 'baseline_tf': None, 'predict_batch_size': 512, 'random_state': 42, 'silent': True}"
MI,2.5-5,43,1,tgarnet,STF-KernelSHAP,y_test,7,1,1.4327031530001477,NVIDIA T4 GPU,logits,20,,,"{'fs': 128, 'time_segments_sec': None, 'freq_bands_hz': [(4.0, 8.0), (8.0, 13.0), (13.0, 30.0), (30.0, 40.0)], 'nfft': 512, 'nsamples': 500, 'l1_reg': 'num_features(200)', 'baseline_tf': None, 'predict_batch_size': 512, 'random_state': 42, 'silent': True}"
MI,2.5-5,43,1,tgarnet,STF-KernelSHAP,y_test,9,0,1.4759158960000605,NVIDIA T4 GPU,logits,20,,,"{'fs': 128, 'time_segments_sec': None, 'freq_bands_hz': [(4.0, 8.0), (8.0, 13.0), (13.0, 30.0), (30.0, 40.0)], 'nfft': 512, 'nsamples': 500, 'l1_reg': 'num_features(200)', 'baseline_tf': None, 'predict_batch_size': 512, 'random_state': 42, 'silent': True}"
MI,2.5-5,43,1,tgarnet,STF-KernelSHAP,y_test,11,0,1.1671659420001106,NVIDIA T4 GPU,logits,20,,,"{'fs': 128, 'time_segments_sec': None, 'freq_bands_hz': [(4.0, 8.0), (8.0, 13.0), (13.0, 30.0), (30.0, 40.0)], 'nfft': 512, 'nsamples': 500, 'l1_reg': 'num_features(200)', 'baseline_tf': None, 'predict_batch_size': 512, 'random_state': 42, 'silent': True}"
MI,2.5-5,43,1,tgarnet,STF-KernelSHAP,y_test,12,0,1.0229226020001079,NVIDIA T4 GPU,logits,20,,,"{'fs': 128, 'time_segments_sec': None, 'freq_bands_hz': [(4.0, 8.0), (8.0, 13.0), (13.0, 30.0), (30.0, 40.0)], 'nfft': 512, 'nsamples': 500, 'l1_reg': 'num_features(200)', 'baseline_tf': None, 'predict_batch_size': 512, 'random_state': 42, 'silent': True}"
MI,2.5-5,43,1,tgarnet,STF-KernelSHAP,y_test,14,1,1.0231296459999157,NVIDIA T4 GPU,logits,20,,,"{'fs': 128, 'time_segments_sec': None, 'freq_bands_hz': [(4.0, 8.0), (8.0, 13.0), (13.0, 30.0), (30.0, 40.0)], 'nfft': 512, 'nsamples': 500, 'l1_reg': 'num_features(200)', 'baseline_tf': None, 'predict_batch_size': 512, 'random_state': 42, 'silent': True}"
MI,2.5-5,43,1,tgarnet,STF-KernelSHAP,y_test,17,0,1.0295047430001887,NVIDIA T4 GPU,logits,20,,,"{'fs': 128, 'time_segments_sec': None, 'freq_bands_hz': [(4.0, 8.0), (8.0, 13.0), (13.0, 30.0), (30.0, 40.0)], 'nfft': 512, 'nsamples': 500, 'l1_reg': 'num_features(200)', 'baseline_tf': None, 'predict_batch_size': 512, 'random_state': 42, 'silent': True}"
MI,2.5-5,43,1,tgarnet,STF-KernelSHAP,y_test,18,0,0.9882521019999331,NVIDIA T4 GPU,logits,20,,,"{'fs': 128, 'time_segments_sec': None, 'freq_bands_hz': [(4.0, 8.0), (8.0, 13.0), (13.0, 30.0), (30.0, 40.0)], 'nfft': 512, 'nsamples': 500, 'l1_reg': 'num_features(200)', 'baseline_tf': None, 'predict_batch_size': 512, 'random_state': 42, 'silent': True}"
MI,2.5-5,43,1,tgarnet,STF-KernelSHAP,y_test,19,0,0.9682523090000359,NVIDIA T4 GPU,logits,20,,,"{'fs': 128, 'time_segments_sec': None, 'freq_bands_hz': [(4.0, 8.0), (8.0, 13.0), (13.0, 30.0), (30.0, 40.0)], 'nfft': 512, 'nsamples': 500, 'l1_reg': 'num_features(200)', 'baseline_tf': None, 'predict_batch_size': 512, 'random_state': 42, 'silent': True}"
MI,2.5-5,43,1,tgarnet,STF-KernelSHAP,y_test,23,1,0.9772284939999736,NVIDIA T4 GPU,logits,20,,,"{'fs': 128, 'time_segments_sec': None, 'freq_bands_hz': [(4.0, 8.0), (8.0, 13.0), (13.0, 30.0), (30.0, 40.0)], 'nfft': 512, 'nsamples': 500, 'l1_reg': 'num_features(200)', 'baseline_tf': None, 'predict_batch_size': 512, 'random_state': 42, 'silent': True}"
MI,2.5-5,43,1,tgarnet,STF-KernelSHAP,y_test,24,1,1.0404693270002099,NVIDIA T4 GPU,logits,20,,,"{'fs': 128, 'time_segments_sec': None, 'freq_bands_hz': [(4.0, 8.0), (8.0, 13.0), (13.0, 30.0), (30.0, 40.0)], 'nfft': 512, 'nsamples': 500, 'l1_reg': 'num_features(200)', 'baseline_tf': None, 'predict_batch_size': 512, 'random_state': 42, 'silent': True}"
MI,2.5-5,43,1,tgarnet,STF-KernelSHAP,y_test,27,1,1.0560363259999122,NVIDIA T4 GPU,logits,20,,,"{'fs': 128, 'time_segments_sec': None, 'freq_bands_hz': [(4.0, 8.0), (8.0, 13.0), (13.0, 30.0), (30.0, 40.0)], 'nfft': 512, 'nsamples': 500, 'l1_reg': 'num_features(200)', 'baseline_tf': None, 'predict_batch_size': 512, 'random_state': 42, 'silent': True}"
MI,2.5-5,43,1,tgarnet,STF-KernelSHAP,y_test,29,1,0.999070569999958,NVIDIA T4 GPU,logits,20,,,"{'fs': 128, 'time_segments_sec': None, 'freq_bands_hz': [(4.0, 8.0), (8.0, 13.0), (13.0, 30.0), (30.0, 40.0)], 'nfft': 512, 'nsamples': 500, 'l1_reg': 'num_features(200)', 'baseline_tf': None, 'predict_batch_size': 512, 'random_state': 42, 'silent': True}"
MI,2.5-5,43,1,tgarnet,STF-KernelSHAP,y_test,30,1,1.5689540610001131,NVIDIA T4 GPU,logits,20,,,"{'fs': 128, 'time_segments_sec': None, 'freq_bands_hz': [(4.0, 8.0), (8.0, 13.0), (13.0, 30.0), (30.0, 40.0)], 'nfft': 512, 'nsamples': 500, 'l1_reg': 'num_features(200)', 'baseline_tf': None, 'predict_batch_size': 512, 'random_state': 42, 'silent': True}"
MI,2.5-5,43,1,tgarnet,STF-KernelSHAP,y_test,32,1,1.409373670999912,NVIDIA T4 GPU,logits,20,,,"{'fs': 128, 'time_segments_sec': None, 'freq_bands_hz': [(4.0, 8.0), (8.0, 13.0), (13.0, 30.0), (30.0, 40.0)], 'nfft': 512, 'nsamples': 500, 'l1_reg': 'num_features(200)', 'baseline_tf': None, 'predict_batch_size': 512, 'random_state': 42, 'silent': True}"
MI,2.5-5,43,1,tgarnet,STF-KernelSHAP,y_test,35,0,1.3423014089999015,NVIDIA T4 GPU,logits,20,,,"{'fs': 128, 'time_segments_sec': None, 'freq_bands_hz': [(4.0, 8.0), (8.0, 13.0), (13.0, 30.0), (30.0, 40.0)], 'nfft': 512, 'nsamples': 500, 'l1_reg': 'num_features(200)', 'baseline_tf': None, 'predict_batch_size': 512, 'random_state': 42, 'silent': True}"
MI,2.5-5,43,1,tgarnet,STF-KernelSHAP,y_test,38,1,1.0412495210000543,NVIDIA T4 GPU,logits,20,,,"{'fs': 128, 'time_segments_sec': None, 'freq_bands_hz': [(4.0, 8.0), (8.0, 13.0), (13.0, 30.0), (30.0, 40.0)], 'nfft': 512, 'nsamples': 500, 'l1_reg': 'num_features(200)', 'baseline_tf': None, 'predict_batch_size': 512, 'random_state': 42, 'silent': True}"
MI,2.5-5,43,1,tgarnet,STF-KernelSHAP,y_test,39,1,1.00282755000012,NVIDIA T4 GPU,logits,20,,,"{'fs': 128, 'time_segments_sec': None, 'freq_bands_hz': [(4.0, 8.0), (8.0, 13.0), (13.0, 30.0), (30.0, 40.0)], 'nfft': 512, 'nsamples': 500, 'l1_reg': 'num_features(200)', 'baseline_tf': None, 'predict_batch_size': 512, 'random_state': 42, 'silent': True}"
MI,0-7,14,4,tgarnet,KernelSHAP,y_test,0,0,30.28375440600007,NVIDIA T4 GPU,logits,20,,,"{'background_size': 8, 'nsamples': 500, 'l1_reg': 'num_features(200)', 'predict_batch_size': 512, 'random_state': 42}"
MI,0-7,14,4,tgarnet,KernelSHAP,y_test,1,0,29.989686726999935,NVIDIA T4 GPU,logits,20,,,"{'background_size': 8, 'nsamples': 500, 'l1_reg': 'num_features(200)', 'predict_batch_size': 512, 'random_state': 42}"
MI,0-7,14,4,tgarnet,KernelSHAP,y_test,3,0,29.52439859800006,NVIDIA T4 GPU,logits,20,,,"{'background_size': 8, 'nsamples': 500, 'l1_reg': 'num_features(200)', 'predict_batch_size': 512, 'random_state': 42}"
MI,0-7,14,4,tgarnet,KernelSHAP,y_test,6,1,30.062528375000056,NVIDIA T4 GPU,logits,20,,,"{'background_size': 8, 'nsamples': 500, 'l1_reg': 'num_features(200)', 'predict_batch_size': 512, 'random_state': 42}"
MI,0-7,14,4,tgarnet,KernelSHAP,y_test,10,0,29.769504718000007,NVIDIA T4 GPU,logits,20,,,"{'background_size': 8, 'nsamples': 500, 'l1_reg': 'num_features(200)', 'predict_batch_size': 512, 'random_state': 42}"
MI,0-7,14,4,tgarnet,KernelSHAP,y_test,12,1,30.210967814000014,NVIDIA T4 GPU,logits,20,,,"{'background_size': 8, 'nsamples': 500, 'l1_reg': 'num_features(200)', 'predict_batch_size': 512, 'random_state': 42}"
MI,0-7,14,4,tgarnet,KernelSHAP,y_test,14,1,29.92195012100001,NVIDIA T4 GPU,logits,20,,,"{'background_size': 8, 'nsamples': 500, 'l1_reg': 'num_features(200)', 'predict_batch_size': 512, 'random_state': 42}"
MI,0-7,14,4,tgarnet,KernelSHAP,y_test,15,1,29.52522100399983,NVIDIA T4 GPU,logits,20,,,"{'background_size': 8, 'nsamples': 500, 'l1_reg': 'num_features(200)', 'predict_batch_size': 512, 'random_state': 42}"
MI,0-7,14,4,tgarnet,KernelSHAP,y_test,17,0,29.278588416000048,NVIDIA T4 GPU,logits,20,,,"{'background_size': 8, 'nsamples': 500, 'l1_reg': 'num_features(200)', 'predict_batch_size': 512, 'random_state': 42}"
MI,0-7,14,4,tgarnet,KernelSHAP,y_test,18,0,29.188370538999834,NVIDIA T4 GPU,logits,20,,,"{'background_size': 8, 'nsamples': 500, 'l1_reg': 'num_features(200)', 'predict_batch_size': 512, 'random_state': 42}"
MI,0-7,14,4,tgarnet,KernelSHAP,y_test,21,1,29.085812995000197,NVIDIA T4 GPU,logits,20,,,"{'background_size': 8, 'nsamples': 500, 'l1_reg': 'num_features(200)', 'predict_batch_size': 512, 'random_state': 42}"
MI,0-7,14,4,tgarnet,KernelSHAP,y_test,23,1,29.03229866499987,NVIDIA T4 GPU,logits,20,,,"{'background_size': 8, 'nsamples': 500, 'l1_reg': 'num_features(200)', 'predict_batch_size': 512, 'random_state': 42}"
MI,0-7,14,4,tgarnet,KernelSHAP,y_test,25,0,29.131240587999855,NVIDIA T4 GPU,logits,20,,,"{'background_size': 8, 'nsamples': 500, 'l1_reg': 'num_features(200)', 'predict_batch_size': 512, 'random_state': 42}"
MI,0-7,14,4,tgarnet,KernelSHAP,y_test,26,0,28.8015834189996,NVIDIA T4 GPU,logits,20,,,"{'background_size': 8, 'nsamples': 500, 'l1_reg': 'num_features(200)', 'predict_batch_size': 512, 'random_state': 42}"
MI,0-7,14,4,tgarnet,KernelSHAP,y_test,27,0,28.894934263999858,NVIDIA T4 GPU,logits,20,,,"{'background_size': 8, 'nsamples': 500, 'l1_reg': 'num_features(200)', 'predict_batch_size': 512, 'random_state': 42}"
MI,0-7,14,4,tgarnet,KernelSHAP,y_test,29,1,28.922032054000283,NVIDIA T4 GPU,logits,20,,,"{'background_size': 8, 'nsamples': 500, 'l1_reg': 'num_features(200)', 'predict_batch_size': 512, 'random_state': 42}"
MI,0-7,14,4,tgarnet,KernelSHAP,y_test,31,1,28.97944809799992,NVIDIA T4 GPU,logits,20,,,"{'background_size': 8, 'nsamples': 500, 'l1_reg': 'num_features(200)', 'predict_batch_size': 512, 'random_state': 42}"
MI,0-7,14,4,tgarnet,KernelSHAP,y_test,36,0,30.40765884099983,NVIDIA T4 GPU,logits,20,,,"{'background_size': 8, 'nsamples': 500, 'l1_reg': 'num_features(200)', 'predict_batch_size': 512, 'random_state': 42}"
MI,0-7,14,4,tgarnet,KernelSHAP,y_test,38,1,28.812210547000177,NVIDIA T4 GPU,logits,20,,,"{'background_size': 8, 'nsamples': 500, 'l1_reg': 'num_features(200)', 'predict_batch_size': 512, 'random_state': 42}"
MI,0-7,14,4,tgarnet,KernelSHAP,y_test,39,1,28.962272704000043,NVIDIA T4 GPU,logits,20,,,"{'background_size': 8, 'nsamples': 500, 'l1_reg': 'num_features(200)', 'predict_batch_size': 512, 'random_state': 42}"
MI,0-7,14,4,tgarnet,LIME,y_test,0,0,7.691820723000092,NVIDIA T4 GPU,probabilities,20,,,"{'background_size': 30, 'num_features': 200, 'num_samples': 1000, 'predict_batch_size': 512, 'random_state': 42}"
MI,0-7,14,4,tgarnet,LIME,y_test,1,0,6.745272228999966,NVIDIA T4 GPU,probabilities,20,,,"{'background_size': 30, 'num_features': 200, 'num_samples': 1000, 'predict_batch_size': 512, 'random_state': 42}"
MI,0-7,14,4,tgarnet,LIME,y_test,3,0,7.94898773299974,NVIDIA T4 GPU,probabilities,20,,,"{'background_size': 30, 'num_features': 200, 'num_samples': 1000, 'predict_batch_size': 512, 'random_state': 42}"
MI,0-7,14,4,tgarnet,LIME,y_test,6,1,6.544009320999976,NVIDIA T4 GPU,probabilities,20,,,"{'background_size': 30, 'num_features': 200, 'num_samples': 1000, 'predict_batch_size': 512, 'random_state': 42}"
MI,0-7,14,4,tgarnet,LIME,y_test,10,0,7.633486879000429,NVIDIA T4 GPU,probabilities,20,,,"{'background_size': 30, 'num_features': 200, 'num_samples': 1000, 'predict_batch_size': 512, 'random_state': 42}"
MI,0-7,14,4,tgarnet,LIME,y_test,12,1,6.8117704559999765,NVIDIA T4 GPU,probabilities,20,,,"{'background_size': 30, 'num_features': 200, 'num_samples': 1000, 'predict_batch_size': 512, 'random_state': 42}"
MI,0-7,14,4,tgarnet,LIME,y_test,14,1,7.429988403000152,NVIDIA T4 GPU,probabilities,20,,,"{'background_size': 30, 'num_features': 200, 'num_samples': 1000, 'predict_batch_size': 512, 'random_state': 42}"
MI,0-7,14,4,tgarnet,LIME,y_test,15,1,6.68375862000039,NVIDIA T4 GPU,probabilities,20,,,"{'background_size': 30, 'num_features': 200, 'num_samples': 1000, 'predict_batch_size': 512, 'random_state': 42}"
MI,0-7,14,4,tgarnet,LIME,y_test,17,0,7.4072685359997195,NVIDIA T4 GPU,probabilities,20,,,"{'background_size': 30, 'num_features': 200, 'num_samples': 1000, 'predict_batch_size': 512, 'random_state': 42}"
MI,0-7,14,4,tgarnet,LIME,y_test,18,0,6.955937287999859,NVIDIA T4 GPU,probabilities,20,,,"{'background_size': 30, 'num_features': 200, 'num_samples': 1000, 'predict_batch_size': 512, 'random_state': 42}"
MI,0-7,14,4,tgarnet,LIME,y_test,21,1,7.3318019430003005,NVIDIA T4 GPU,probabilities,20,,,"{'background_size': 30, 'num_features': 200, 'num_samples': 1000, 'predict_batch_size': 512, 'random_state': 42}"
MI,0-7,14,4,tgarnet,LIME,y_test,23,1,6.871721633999641,NVIDIA T4 GPU,probabilities,20,,,"{'background_size': 30, 'num_features': 200, 'num_samples': 1000, 'predict_batch_size': 512, 'random_state': 42}"
MI,0-7,14,4,tgarnet,LIME,y_test,25,0,7.154133177999938,NVIDIA T4 GPU,probabilities,20,,,"{'background_size': 30, 'num_features': 200, 'num_samples': 1000, 'predict_batch_size': 512, 'random_state': 42}"
MI,0-7,14,4,tgarnet,LIME,y_test,26,0,7.1978947210000115,NVIDIA T4 GPU,probabilities,20,,,"{'background_size': 30, 'num_features': 200, 'num_samples': 1000, 'predict_batch_size': 512, 'random_state': 42}"
MI,0-7,14,4,tgarnet,LIME,y_test,27,0,7.252478647999851,NVIDIA T4 GPU,probabilities,20,,,"{'background_size': 30, 'num_features': 200, 'num_samples': 1000, 'predict_batch_size': 512, 'random_state': 42}"
MI,0-7,14,4,tgarnet,LIME,y_test,29,1,7.113799287000347,NVIDIA T4 GPU,probabilities,20,,,"{'background_size': 30, 'num_features': 200, 'num_samples': 1000, 'predict_batch_size': 512, 'random_state': 42}"
MI,0-7,14,4,tgarnet,LIME,y_test,31,1,7.097960569999941,NVIDIA T4 GPU,probabilities,20,,,"{'background_size': 30, 'num_features': 200, 'num_samples': 1000, 'predict_batch_size': 512, 'random_state': 42}"
MI,0-7,14,4,tgarnet,LIME,y_test,36,0,7.189681941999879,NVIDIA T4 GPU,probabilities,20,,,"{'background_size': 30, 'num_features': 200, 'num_samples': 1000, 'predict_batch_size': 512, 'random_state': 42}"
MI,0-7,14,4,tgarnet,LIME,y_test,38,1,7.253172861999701,NVIDIA T4 GPU,probabilities,20,,,"{'background_size': 30, 'num_features': 200, 'num_samples': 1000, 'predict_batch_size': 512, 'random_state': 42}"
MI,0-7,14,4,tgarnet,LIME,y_test,39,1,7.094137938000131,NVIDIA T4 GPU,probabilities,20,,,"{'background_size': 30, 'num_features': 200, 'num_samples': 1000, 'predict_batch_size': 512, 'random_state': 42}"
MI,0-7,14,4,tgarnet,Occlusion,y_test,0,0,3.1735348399997747,NVIDIA T4 GPU,logits,20,,,"{'fs': 128, 'window_seconds': 1.0, 'stride_seconds': 0.25, 'baseline_value': None, 'background_size': 30, 'occ_batch_size': 256, 'predict_batch_size': 512, 'random_state': 42}"
MI,0-7,14,4,tgarnet,Occlusion,y_test,1,0,2.877134826999736,NVIDIA T4 GPU,logits,20,,,"{'fs': 128, 'window_seconds': 1.0, 'stride_seconds': 0.25, 'baseline_value': None, 'background_size': 30, 'occ_batch_size': 256, 'predict_batch_size': 512, 'random_state': 42}"
MI,0-7,14,4,tgarnet,Occlusion,y_test,3,0,3.1258073640001385,NVIDIA T4 GPU,logits,20,,,"{'fs': 128, 'window_seconds': 1.0, 'stride_seconds': 0.25, 'baseline_value': None, 'background_size': 30, 'occ_batch_size': 256, 'predict_batch_size': 512, 'random_state': 42}"
MI,0-7,14,4,tgarnet,Occlusion,y_test,6,1,2.600565318000008,NVIDIA T4 GPU,logits,20,,,"{'fs': 128, 'window_seconds': 1.0, 'stride_seconds': 0.25, 'baseline_value': None, 'background_size': 30, 'occ_batch_size': 256, 'predict_batch_size': 512, 'random_state': 42}"
MI,0-7,14,4,tgarnet,Occlusion,y_test,10,0,2.6927823629998784,NVIDIA T4 GPU,logits,20,,,"{'fs': 128, 'window_seconds': 1.0, 'stride_seconds': 0.25, 'baseline_value': None, 'background_size': 30, 'occ_batch_size': 256, 'predict_batch_size': 512, 'random_state': 42}"
MI,0-7,14,4,tgarnet,Occlusion,y_test,12,1,2.589229079999768,NVIDIA T4 GPU,logits,20,,,"{'fs': 128, 'window_seconds': 1.0, 'stride_seconds': 0.25, 'baseline_value': None, 'background_size': 30, 'occ_batch_size': 256, 'predict_batch_size': 512, 'random_state': 42}"
MI,0-7,14,4,tgarnet,Occlusion,y_test,14,1,2.843003929000133,NVIDIA T4 GPU,logits,20,,,"{'fs': 128, 'window_seconds': 1.0, 'stride_seconds': 0.25, 'baseline_value': None, 'background_size': 30, 'occ_batch_size': 256, 'predict_batch_size': 512, 'random_state': 42}"
MI,0-7,14,4,tgarnet,Occlusion,y_test,15,1,3.122320042999945,NVIDIA T4 GPU,logits,20,,,"{'fs': 128, 'window_seconds': 1.0, 'stride_seconds': 0.25, 'baseline_value': None, 'background_size': 30, 'occ_batch_size': 256, 'predict_batch_size': 512, 'random_state': 42}"
MI,0-7,14,4,tgarnet,Occlusion,y_test,17,0,2.6052154480003082,NVIDIA T4 GPU,logits,20,,,"{'fs': 128, 'window_seconds': 1.0, 'stride_seconds': 0.25, 'baseline_value': None, 'background_size': 30, 'occ_batch_size': 256, 'predict_batch_size': 512, 'random_state': 42}"
MI,0-7,14,4,tgarnet,Occlusion,y_test,18,0,2.5724523389999376,NVIDIA T4 GPU,logits,20,,,"{'fs': 128, 'window_seconds': 1.0, 'stride_seconds': 0.25, 'baseline_value': None, 'background_size': 30, 'occ_batch_size': 256, 'predict_batch_size': 512, 'random_state': 42}"
MI,0-7,14,4,tgarnet,Occlusion,y_test,21,1,2.5657286629998453,NVIDIA T4 GPU,logits,20,,,"{'fs': 128, 'window_seconds': 1.0, 'stride_seconds': 0.25, 'baseline_value': None, 'background_size': 30, 'occ_batch_size': 256, 'predict_batch_size': 512, 'random_state': 42}"
MI,0-7,14,4,tgarnet,Occlusion,y_test,23,1,2.91488127599996,NVIDIA T4 GPU,logits,20,,,"{'fs': 128, 'window_seconds': 1.0, 'stride_seconds': 0.25, 'baseline_value': None, 'background_size': 30, 'occ_batch_size': 256, 'predict_batch_size': 512, 'random_state': 42}"
MI,0-7,14,4,tgarnet,Occlusion,y_test,25,0,3.0557650490000015,NVIDIA T4 GPU,logits,20,,,"{'fs': 128, 'window_seconds': 1.0, 'stride_seconds': 0.25, 'baseline_value': None, 'background_size': 30, 'occ_batch_size': 256, 'predict_batch_size': 512, 'random_state': 42}"
MI,0-7,14,4,tgarnet,Occlusion,y_test,26,0,2.5655629490001957,NVIDIA T4 GPU,logits,20,,,"{'fs': 128, 'window_seconds': 1.0, 'stride_seconds': 0.25, 'baseline_value': None, 'background_size': 30, 'occ_batch_size': 256, 'predict_batch_size': 512, 'random_state': 42}"
MI,0-7,14,4,tgarnet,Occlusion,y_test,27,0,2.7083586509997986,NVIDIA T4 GPU,logits,20,,,"{'fs': 128, 'window_seconds': 1.0, 'stride_seconds': 0.25, 'baseline_value': None, 'background_size': 30, 'occ_batch_size': 256, 'predict_batch_size': 512, 'random_state': 42}"
MI,0-7,14,4,tgarnet,Occlusion,y_test,29,1,2.574104113999965,NVIDIA T4 GPU,logits,20,,,"{'fs': 128, 'window_seconds': 1.0, 'stride_seconds': 0.25, 'baseline_value': None, 'background_size': 30, 'occ_batch_size': 256, 'predict_batch_size': 512, 'random_state': 42}"
MI,0-7,14,4,tgarnet,Occlusion,y_test,31,1,3.1975976730000184,NVIDIA T4 GPU,logits,20,,,"{'fs': 128, 'window_seconds': 1.0, 'stride_seconds': 0.25, 'baseline_value': None, 'background_size': 30, 'occ_batch_size': 256, 'predict_batch_size': 512, 'random_state': 42}"
MI,0-7,14,4,tgarnet,Occlusion,y_test,36,0,2.804520099000001,NVIDIA T4 GPU,logits,20,,,"{'fs': 128, 'window_seconds': 1.0, 'stride_seconds': 0.25, 'baseline_value': None, 'background_size': 30, 'occ_batch_size': 256, 'predict_batch_size': 512, 'random_state': 42}"
MI,0-7,14,4,tgarnet,Occlusion,y_test,38,1,2.585038876999988,NVIDIA T4 GPU,logits,20,,,"{'fs': 128, 'window_seconds': 1.0, 'stride_seconds': 0.25, 'baseline_value': None, 'background_size': 30, 'occ_batch_size': 256, 'predict_batch_size': 512, 'random_state': 42}"
MI,0-7,14,4,tgarnet,Occlusion,y_test,39,1,2.503309224000077,NVIDIA T4 GPU,logits,20,,,"{'fs': 128, 'window_seconds': 1.0, 'stride_seconds': 0.25, 'baseline_value': None, 'background_size': 30, 'occ_batch_size': 256, 'predict_batch_size': 512, 'random_state': 42}"
MI,0-7,14,4,tgarnet,IntegratedGradients,y_test,0,0,0.32449342700010675,NVIDIA T4 GPU,logits,20,,,"{'baseline': None, 'background_size': 30, 'steps': 50, 'batch_size': 1, 'random_state': 42}"
MI,0-7,14,4,tgarnet,IntegratedGradients,y_test,1,0,0.2328166910001528,NVIDIA T4 GPU,logits,20,,,"{'baseline': None, 'background_size': 30, 'steps': 50, 'batch_size': 1, 'random_state': 42}"
MI,0-7,14,4,tgarnet,IntegratedGradients,y_test,3,0,0.24309594399983325,NVIDIA T4 GPU,logits,20,,,"{'baseline': None, 'background_size': 30, 'steps': 50, 'batch_size': 1, 'random_state': 42}"
MI,0-7,14,4,tgarnet,IntegratedGradients,y_test,6,1,0.2362881499998366,NVIDIA T4 GPU,logits,20,,,"{'baseline': None, 'background_size': 30, 'steps': 50, 'batch_size': 1, 'random_state': 42}"
MI,0-7,14,4,tgarnet,IntegratedGradients,y_test,10,0,0.23279984100008733,NVIDIA T4 GPU,logits,20,,,"{'baseline': None, 'background_size': 30, 'steps': 50, 'batch_size': 1, 'random_state': 42}"
MI,0-7,14,4,tgarnet,IntegratedGradients,y_test,12,1,0.23577085599981729,NVIDIA T4 GPU,logits,20,,,"{'baseline': None, 'background_size': 30, 'steps': 50, 'batch_size': 1, 'random_state': 42}"
MI,0-7,14,4,tgarnet,IntegratedGradients,y_test,14,1,0.23861526100017727,NVIDIA T4 GPU,logits,20,,,"{'baseline': None, 'background_size': 30, 'steps': 50, 'batch_size': 1, 'random_state': 42}"
MI,0-7,14,4,tgarnet,IntegratedGradients,y_test,15,1,0.2554069379998509,NVIDIA T4 GPU,logits,20,,,"{'baseline': None, 'background_size': 30, 'steps': 50, 'batch_size': 1, 'random_state': 42}"
MI,0-7,14,4,tgarnet,IntegratedGradients,y_test,17,0,0.23450566400015305,NVIDIA T4 GPU,logits,20,,,"{'baseline': None, 'background_size': 30, 'steps': 50, 'batch_size': 1, 'random_state': 42}"
MI,0-7,14,4,tgarnet,IntegratedGradients,y_test,18,0,0.23533688599991365,NVIDIA T4 GPU,logits,20,,,"{'baseline': None, 'background_size': 30, 'steps': 50, 'batch_size': 1, 'random_state': 42}"
MI,0-7,14,4,tgarnet,IntegratedGradients,y_test,21,1,0.2368247539998265,NVIDIA T4 GPU,logits,20,,,"{'baseline': None, 'background_size': 30, 'steps': 50, 'batch_size': 1, 'random_state': 42}"
MI,0-7,14,4,tgarnet,IntegratedGradients,y_test,23,1,0.2615797959997508,NVIDIA T4 GPU,logits,20,,,"{'baseline': None, 'background_size': 30, 'steps': 50, 'batch_size': 1, 'random_state': 42}"
MI,0-7,14,4,tgarnet,IntegratedGradients,y_test,25,0,0.289865718999863,NVIDIA T4 GPU,logits,20,,,"{'baseline': None, 'background_size': 30, 'steps': 50, 'batch_size': 1, 'random_state': 42}"
MI,0-7,14,4,tgarnet,IntegratedGradients,y_test,26,0,0.32284923399993204,NVIDIA T4 GPU,logits,20,,,"{'baseline': None, 'background_size': 30, 'steps': 50, 'batch_size': 1, 'random_state': 42}"
MI,0-7,14,4,tgarnet,IntegratedGradients,y_test,27,0,0.3120993460001955,NVIDIA T4 GPU,logits,20,,,"{'baseline': None, 'background_size': 30, 'steps': 50, 'batch_size': 1, 'random_state': 42}"
MI,0-7,14,4,tgarnet,IntegratedGradients,y_test,29,1,0.3147714990000168,NVIDIA T4 GPU,logits,20,,,"{'baseline': None, 'background_size': 30, 'steps': 50, 'batch_size': 1, 'random_state': 42}"
MI,0-7,14,4,tgarnet,IntegratedGradients,y_test,31,1,0.30381462300010753,NVIDIA T4 GPU,logits,20,,,"{'baseline': None, 'background_size': 30, 'steps': 50, 'batch_size': 1, 'random_state': 42}"
MI,0-7,14,4,tgarnet,IntegratedGradients,y_test,36,0,0.313570289999916,NVIDIA T4 GPU,logits,20,,,"{'baseline': None, 'background_size': 30, 'steps': 50, 'batch_size': 1, 'random_state': 42}"
MI,0-7,14,4,tgarnet,IntegratedGradients,y_test,38,1,0.3418290119998346,NVIDIA T4 GPU,logits,20,,,"{'baseline': None, 'background_size': 30, 'steps': 50, 'batch_size': 1, 'random_state': 42}"
MI,0-7,14,4,tgarnet,IntegratedGradients,y_test,39,1,0.2992603420002524,NVIDIA T4 GPU,logits,20,,,"{'baseline': None, 'background_size': 30, 'steps': 50, 'batch_size': 1, 'random_state': 42}"
MI,0-7,14,4,tgarnet,GradCAM++,y_test,0,0,0.17022351600007823,NVIDIA T4 GPU,logits,20,,,{'layer_name': None}
MI,0-7,14,4,tgarnet,GradCAM++,y_test,1,0,0.1640307349998693,NVIDIA T4 GPU,logits,20,,,{'layer_name': None}
MI,0-7,14,4,tgarnet,GradCAM++,y_test,3,0,0.13473576899968975,NVIDIA T4 GPU,logits,20,,,{'layer_name': None}
MI,0-7,14,4,tgarnet,GradCAM++,y_test,6,1,0.14689502200008064,NVIDIA T4 GPU,logits,20,,,{'layer_name': None}
MI,0-7,14,4,tgarnet,GradCAM++,y_test,10,0,0.15921881899976142,NVIDIA T4 GPU,logits,20,,,{'layer_name': None}
MI,0-7,14,4,tgarnet,GradCAM++,y_test,12,1,0.1579965109999648,NVIDIA T4 GPU,logits,20,,,{'layer_name': None}
MI,0-7,14,4,tgarnet,GradCAM++,y_test,14,1,0.1032474420003382,NVIDIA T4 GPU,logits,20,,,{'layer_name': None}
MI,0-7,14,4,tgarnet,GradCAM++,y_test,15,1,0.0989477509997414,NVIDIA T4 GPU,logits,20,,,{'layer_name': None}
MI,0-7,14,4,tgarnet,GradCAM++,y_test,17,0,0.10082314700002826,NVIDIA T4 GPU,logits,20,,,{'layer_name': None}
MI,0-7,14,4,tgarnet,GradCAM++,y_test,18,0,0.11963401699995302,NVIDIA T4 GPU,logits,20,,,{'layer_name': None}
MI,0-7,14,4,tgarnet,GradCAM++,y_test,21,1,0.10348065800008044,NVIDIA T4 GPU,logits,20,,,{'layer_name': None}
MI,0-7,14,4,tgarnet,GradCAM++,y_test,23,1,0.1062181040001633,NVIDIA T4 GPU,logits,20,,,{'layer_name': None}
MI,0-7,14,4,tgarnet,GradCAM++,y_test,25,0,0.09164311399990765,NVIDIA T4 GPU,logits,20,,,{'layer_name': None}
MI,0-7,14,4,tgarnet,GradCAM++,y_test,26,0,0.09362597399967854,NVIDIA T4 GPU,logits,20,,,{'layer_name': None}
MI,0-7,14,4,tgarnet,GradCAM++,y_test,27,0,0.09666287199979706,NVIDIA T4 GPU,logits,20,,,{'layer_name': None}
MI,0-7,14,4,tgarnet,GradCAM++,y_test,29,1,0.10155947300017942,NVIDIA T4 GPU,logits,20,,,{'layer_name': None}
MI,0-7,14,4,tgarnet,GradCAM++,y_test,31,1,0.0931883889998062,NVIDIA T4 GPU,logits,20,,,{'layer_name': None}
MI,0-7,14,4,tgarnet,GradCAM++,y_test,36,0,0.10579980199963757,NVIDIA T4 GPU,logits,20,,,{'layer_name': None}
MI,0-7,14,4,tgarnet,GradCAM++,y_test,38,1,0.09805754000035449,NVIDIA T4 GPU,logits,20,,,{'layer_name': None}
MI,0-7,14,4,tgarnet,GradCAM++,y_test,39,1,0.1163550999999643,NVIDIA T4 GPU,logits,20,,,{'layer_name': None}
MI,0-7,14,4,tgarnet,STF-KernelSHAP,y_test,0,0,2.8533885229999214,NVIDIA T4 GPU,logits,20,,,"{'fs': 128, 'time_segments_sec': [(0.0, 2.0), (2.0, 2.5), (2.5, 5.0), (5.0, 7.0)], 'freq_bands_hz': [(4.0, 8.0), (8.0, 13.0), (13.0, 30.0), (30.0, 40.0)], 'nfft': 512, 'nsamples': 500, 'l1_reg': 'num_features(200)', 'baseline_tf': None, 'predict_batch_size': 512, 'random_state': 42, 'silent': True}"
MI,0-7,14,4,tgarnet,STF-KernelSHAP,y_test,1,0,2.2095610369997303,NVIDIA T4 GPU,logits,20,,,"{'fs': 128, 'time_segments_sec': [(0.0, 2.0), (2.0, 2.5), (2.5, 5.0), (5.0, 7.0)], 'freq_bands_hz': [(4.0, 8.0), (8.0, 13.0), (13.0, 30.0), (30.0, 40.0)], 'nfft': 512, 'nsamples': 500, 'l1_reg': 'num_features(200)', 'baseline_tf': None, 'predict_batch_size': 512, 'random_state': 42, 'silent': True}"
MI,0-7,14,4,tgarnet,STF-KernelSHAP,y_test,3,0,2.3687183379997805,NVIDIA T4 GPU,logits,20,,,"{'fs': 128, 'time_segments_sec': [(0.0, 2.0), (2.0, 2.5), (2.5, 5.0), (5.0, 7.0)], 'freq_bands_hz': [(4.0, 8.0), (8.0, 13.0), (13.0, 30.0), (30.0, 40.0)], 'nfft': 512, 'nsamples': 500, 'l1_reg': 'num_features(200)', 'baseline_tf': None, 'predict_batch_size': 512, 'random_state': 42, 'silent': True}"
MI,0-7,14,4,tgarnet,STF-KernelSHAP,y_test,6,1,3.6167632539995793,NVIDIA T4 GPU,logits,20,,,"{'fs': 128, 'time_segments_sec': [(0.0, 2.0), (2.0, 2.5), (2.5, 5.0), (5.0, 7.0)], 'freq_bands_hz': [(4.0, 8.0), (8.0, 13.0), (13.0, 30.0), (30.0, 40.0)], 'nfft': 512, 'nsamples': 500, 'l1_reg': 'num_features(200)', 'baseline_tf': None, 'predict_batch_size': 512, 'random_state': 42, 'silent': True}"
MI,0-7,14,4,tgarnet,STF-KernelSHAP,y_test,10,0,2.6662315579997085,NVIDIA T4 GPU,logits,20,,,"{'fs': 128, 'time_segments_sec': [(0.0, 2.0), (2.0, 2.5), (2.5, 5.0), (5.0, 7.0)], 'freq_bands_hz': [(4.0, 8.0), (8.0, 13.0), (13.0, 30.0), (30.0, 40.0)], 'nfft': 512, 'nsamples': 500, 'l1_reg': 'num_features(200)', 'baseline_tf': None, 'predict_batch_size': 512, 'random_state': 42, 'silent': True}"
MI,0-7,14,4,tgarnet,STF-KernelSHAP,y_test,12,1,2.237459352999849,NVIDIA T4 GPU,logits,20,,,"{'fs': 128, 'time_segments_sec': [(0.0, 2.0), (2.0, 2.5), (2.5, 5.0), (5.0, 7.0)], 'freq_bands_hz': [(4.0, 8.0), (8.0, 13.0), (13.0, 30.0), (30.0, 40.0)], 'nfft': 512, 'nsamples': 500, 'l1_reg': 'num_features(200)', 'baseline_tf': None, 'predict_batch_size': 512, 'random_state': 42, 'silent': True}"
MI,0-7,14,4,tgarnet,STF-KernelSHAP,y_test,14,1,2.2519270660000075,NVIDIA T4 GPU,logits,20,,,"{'fs': 128, 'time_segments_sec': [(0.0, 2.0), (2.0, 2.5), (2.5, 5.0), (5.0, 7.0)], 'freq_bands_hz': [(4.0, 8.0), (8.0, 13.0), (13.0, 30.0), (30.0, 40.0)], 'nfft': 512, 'nsamples': 500, 'l1_reg': 'num_features(200)', 'baseline_tf': None, 'predict_batch_size': 512, 'random_state': 42, 'silent': True}"
MI,0-7,14,4,tgarnet,STF-KernelSHAP,y_test,15,1,2.274299754000367,NVIDIA T4 GPU,logits,20,,,"{'fs': 128, 'time_segments_sec': [(0.0, 2.0), (2.0, 2.5), (2.5, 5.0), (5.0, 7.0)], 'freq_bands_hz': [(4.0, 8.0), (8.0, 13.0), (13.0, 30.0), (30.0, 40.0)], 'nfft': 512, 'nsamples': 500, 'l1_reg': 'num_features(200)', 'baseline_tf': None, 'predict_batch_size': 512, 'random_state': 42, 'silent': True}"
MI,0-7,14,4,tgarnet,STF-KernelSHAP,y_test,17,0,3.095611732999714,NVIDIA T4 GPU,logits,20,,,"{'fs': 128, 'time_segments_sec': [(0.0, 2.0), (2.0, 2.5), (2.5, 5.0), (5.0, 7.0)], 'freq_bands_hz': [(4.0, 8.0), (8.0, 13.0), (13.0, 30.0), (30.0, 40.0)], 'nfft': 512, 'nsamples': 500, 'l1_reg': 'num_features(200)', 'baseline_tf': None, 'predict_batch_size': 512, 'random_state': 42, 'silent': True}"
MI,0-7,14,4,tgarnet,STF-KernelSHAP,y_test,18,0,3.0143427269999847,NVIDIA T4 GPU,logits,20,,,"{'fs': 128, 'time_segments_sec': [(0.0, 2.0), (2.0, 2.5), (2.5, 5.0), (5.0, 7.0)], 'freq_bands_hz': [(4.0, 8.0), (8.0, 13.0), (13.0, 30.0), (30.0, 40.0)], 'nfft': 512, 'nsamples': 500, 'l1_reg': 'num_features(200)', 'baseline_tf': None, 'predict_batch_size': 512, 'random_state': 42, 'silent': True}"
MI,0-7,14,4,tgarnet,STF-KernelSHAP,y_test,21,1,2.3398728299998766,NVIDIA T4 GPU,logits,20,,,"{'fs': 128, 'time_segments_sec': [(0.0, 2.0), (2.0, 2.5), (2.5, 5.0), (5.0, 7.0)], 'freq_bands_hz': [(4.0, 8.0), (8.0, 13.0), (13.0, 30.0), (30.0, 40.0)], 'nfft': 512, 'nsamples': 500, 'l1_reg': 'num_features(200)', 'baseline_tf': None, 'predict_batch_size': 512, 'random_state': 42, 'silent': True}"
MI,0-7,14,4,tgarnet,STF-KernelSHAP,y_test,23,1,2.251190763000068,NVIDIA T4 GPU,logits,20,,,"{'fs': 128, 'time_segments_sec': [(0.0, 2.0), (2.0, 2.5), (2.5, 5.0), (5.0, 7.0)], 'freq_bands_hz': [(4.0, 8.0), (8.0, 13.0), (13.0, 30.0), (30.0, 40.0)], 'nfft': 512, 'nsamples': 500, 'l1_reg': 'num_features(200)', 'baseline_tf': None, 'predict_batch_size': 512, 'random_state': 42, 'silent': True}"
MI,0-7,14,4,tgarnet,STF-KernelSHAP,y_test,25,0,2.233938846000001,NVIDIA T4 GPU,logits,20,,,"{'fs': 128, 'time_segments_sec': [(0.0, 2.0), (2.0, 2.5), (2.5, 5.0), (5.0, 7.0)], 'freq_bands_hz': [(4.0, 8.0), (8.0, 13.0), (13.0, 30.0), (30.0, 40.0)], 'nfft': 512, 'nsamples': 500, 'l1_reg': 'num_features(200)', 'baseline_tf': None, 'predict_batch_size': 512, 'random_state': 42, 'silent': True}"
MI,0-7,14,4,tgarnet,STF-KernelSHAP,y_test,26,0,2.2829345340001055,NVIDIA T4 GPU,logits,20,,,"{'fs': 128, 'time_segments_sec': [(0.0, 2.0), (2.0, 2.5), (2.5, 5.0), (5.0, 7.0)], 'freq_bands_hz': [(4.0, 8.0), (8.0, 13.0), (13.0, 30.0), (30.0, 40.0)], 'nfft': 512, 'nsamples': 500, 'l1_reg': 'num_features(200)', 'baseline_tf': None, 'predict_batch_size': 512, 'random_state': 42, 'silent': True}"
MI,0-7,14,4,tgarnet,STF-KernelSHAP,y_test,27,0,3.6723615479995715,NVIDIA T4 GPU,logits,20,,,"{'fs': 128, 'time_segments_sec': [(0.0, 2.0), (2.0, 2.5), (2.5, 5.0), (5.0, 7.0)], 'freq_bands_hz': [(4.0, 8.0), (8.0, 13.0), (13.0, 30.0), (30.0, 40.0)], 'nfft': 512, 'nsamples': 500, 'l1_reg': 'num_features(200)', 'baseline_tf': None, 'predict_batch_size': 512, 'random_state': 42, 'silent': True}"
MI,0-7,14,4,tgarnet,STF-KernelSHAP,y_test,29,1,2.6358273779997035,NVIDIA T4 GPU,logits,20,,,"{'fs': 128, 'time_segments_sec': [(0.0, 2.0), (2.0, 2.5), (2.5, 5.0), (5.0, 7.0)], 'freq_bands_hz': [(4.0, 8.0), (8.0, 13.0), (13.0, 30.0), (30.0, 40.0)], 'nfft': 512, 'nsamples': 500, 'l1_reg': 'num_features(200)', 'baseline_tf': None, 'predict_batch_size': 512, 'random_state': 42, 'silent': True}"
MI,0-7,14,4,tgarnet,STF-KernelSHAP,y_test,31,1,2.302334883000185,NVIDIA T4 GPU,logits,20,,,"{'fs': 128, 'time_segments_sec': [(0.0, 2.0), (2.0, 2.5), (2.5, 5.0), (5.0, 7.0)], 'freq_bands_hz': [(4.0, 8.0), (8.0, 13.0), (13.0, 30.0), (30.0, 40.0)], 'nfft': 512, 'nsamples': 500, 'l1_reg': 'num_features(200)', 'baseline_tf': None, 'predict_batch_size': 512, 'random_state': 42, 'silent': True}"
MI,0-7,14,4,tgarnet,STF-KernelSHAP,y_test,36,0,2.3010682519998227,NVIDIA T4 GPU,logits,20,,,"{'fs': 128, 'time_segments_sec': [(0.0, 2.0), (2.0, 2.5), (2.5, 5.0), (5.0, 7.0)], 'freq_bands_hz': [(4.0, 8.0), (8.0, 13.0), (13.0, 30.0), (30.0, 40.0)], 'nfft': 512, 'nsamples': 500, 'l1_reg': 'num_features(200)', 'baseline_tf': None, 'predict_batch_size': 512, 'random_state': 42, 'silent': True}"
MI,0-7,14,4,tgarnet,STF-KernelSHAP,y_test,38,1,2.2682994900001177,NVIDIA T4 GPU,logits,20,,,"{'fs': 128, 'time_segments_sec': [(0.0, 2.0), (2.0, 2.5), (2.5, 5.0), (5.0, 7.0)], 'freq_bands_hz': [(4.0, 8.0), (8.0, 13.0), (13.0, 30.0), (30.0, 40.0)], 'nfft': 512, 'nsamples': 500, 'l1_reg': 'num_features(200)', 'baseline_tf': None, 'predict_batch_size': 512, 'random_state': 42, 'silent': True}"
MI,0-7,14,4,tgarnet,STF-KernelSHAP,y_test,39,1,3.666771924999921,NVIDIA T4 GPU,logits,20,,,"{'fs': 128, 'time_segments_sec': [(0.0, 2.0), (2.0, 2.5), (2.5, 5.0), (5.0, 7.0)], 'freq_bands_hz': [(4.0, 8.0), (8.0, 13.0), (13.0, 30.0), (30.0, 40.0)], 'nfft': 512, 'nsamples': 500, 'l1_reg': 'num_features(200)', 'baseline_tf': None, 'predict_batch_size': 512, 'random_state': 42, 'silent': True}"
ADHD,TDAH,,4,tgarnet,KernelSHAP,y_test,47,0,7.912349102000007,NVIDIA T4 GPU,logits,18,1,5,"{'background_size': 17, 'nsamples': 500, 'l1_reg': 'num_features(200)', 'predict_batch_size': 512, 'random_state': 42}"
ADHD,TDAH,,4,tgarnet,KernelSHAP,y_test,61,0,8.266814847000205,NVIDIA T4 GPU,logits,18,1,5,"{'background_size': 17, 'nsamples': 500, 'l1_reg': 'num_features(200)', 'predict_batch_size': 512, 'random_state': 42}"
ADHD,TDAH,,4,tgarnet,KernelSHAP,y_test,63,0,7.224819890000163,NVIDIA T4 GPU,logits,18,1,5,"{'background_size': 17, 'nsamples': 500, 'l1_reg': 'num_features(200)', 'predict_batch_size': 512, 'random_state': 42}"
ADHD,TDAH,,4,tgarnet,KernelSHAP,y_test,67,0,9.724724116999823,NVIDIA T4 GPU,logits,18,1,5,"{'background_size': 17, 'nsamples': 500, 'l1_reg': 'num_features(200)', 'predict_batch_size': 512, 'random_state': 42}"
ADHD,TDAH,,4,tgarnet,KernelSHAP,y_test,92,0,8.3539429690004,NVIDIA T4 GPU,logits,18,1,5,"{'background_size': 17, 'nsamples': 500, 'l1_reg': 'num_features(200)', 'predict_batch_size': 512, 'random_state': 42}"
ADHD,TDAH,,4,tgarnet,KernelSHAP,y_test,123,0,7.685441576000358,NVIDIA T4 GPU,logits,18,1,5,"{'background_size': 17, 'nsamples': 500, 'l1_reg': 'num_features(200)', 'predict_batch_size': 512, 'random_state': 42}"
ADHD,TDAH,,4,tgarnet,KernelSHAP,y_test,132,0,9.658736875000159,NVIDIA T4 GPU,logits,18,1,5,"{'background_size': 17, 'nsamples': 500, 'l1_reg': 'num_features(200)', 'predict_batch_size': 512, 'random_state': 42}"
ADHD,TDAH,,4,tgarnet,KernelSHAP,y_test,143,0,7.34126527699982,NVIDIA T4 GPU,logits,18,1,5,"{'background_size': 17, 'nsamples': 500, 'l1_reg': 'num_features(200)', 'predict_batch_size': 512, 'random_state': 42}"
ADHD,TDAH,,4,tgarnet,KernelSHAP,y_test,167,0,8.136069146999944,NVIDIA T4 GPU,logits,18,1,5,"{'background_size': 17, 'nsamples': 500, 'l1_reg': 'num_features(200)', 'predict_batch_size': 512, 'random_state': 42}"
ADHD,TDAH,,4,tgarnet,KernelSHAP,y_test,182,0,8.323719746999814,NVIDIA T4 GPU,logits,18,1,5,"{'background_size': 17, 'nsamples': 500, 'l1_reg': 'num_features(200)', 'predict_batch_size': 512, 'random_state': 42}"
ADHD,TDAH,,4,tgarnet,KernelSHAP,y_test,205,0,7.956049995000285,NVIDIA T4 GPU,logits,18,1,5,"{'background_size': 17, 'nsamples': 500, 'l1_reg': 'num_features(200)', 'predict_batch_size': 512, 'random_state': 42}"
ADHD,TDAH,,4,tgarnet,KernelSHAP,y_test,269,0,9.764001706999807,NVIDIA T4 GPU,logits,18,1,5,"{'background_size': 17, 'nsamples': 500, 'l1_reg': 'num_features(200)', 'predict_batch_size': 512, 'random_state': 42}"
ADHD,TDAH,,4,tgarnet,KernelSHAP,y_test,294,0,7.789588715000264,NVIDIA T4 GPU,logits,18,1,5,"{'background_size': 17, 'nsamples': 500, 'l1_reg': 'num_features(200)', 'predict_batch_size': 512, 'random_state': 42}"
ADHD,TDAH,,4,tgarnet,KernelSHAP,y_test,307,0,8.217061201999968,NVIDIA T4 GPU,logits,18,1,5,"{'background_size': 17, 'nsamples': 500, 'l1_reg': 'num_features(200)', 'predict_batch_size': 512, 'random_state': 42}"
ADHD,TDAH,,4,tgarnet,KernelSHAP,y_test,311,0,8.61052871200036,NVIDIA T4 GPU,logits,18,1,5,"{'background_size': 17, 'nsamples': 500, 'l1_reg': 'num_features(200)', 'predict_batch_size': 512, 'random_state': 42}"
ADHD,TDAH,,4,tgarnet,KernelSHAP,y_test,325,0,7.719179798999903,NVIDIA T4 GPU,logits,18,1,5,"{'background_size': 17, 'nsamples': 500, 'l1_reg': 'num_features(200)', 'predict_batch_size': 512, 'random_state': 42}"
ADHD,TDAH,,4,tgarnet,KernelSHAP,y_test,326,0,8.35357840000006,NVIDIA T4 GPU,logits,18,1,5,"{'background_size': 17, 'nsamples': 500, 'l1_reg': 'num_features(200)', 'predict_batch_size': 512, 'random_state': 42}"
ADHD,TDAH,,4,tgarnet,KernelSHAP,y_test,331,0,7.310169326999585,NVIDIA T4 GPU,logits,18,1,5,"{'background_size': 17, 'nsamples': 500, 'l1_reg': 'num_features(200)', 'predict_batch_size': 512, 'random_state': 42}"
ADHD,TDAH,,4,tgarnet,LIME,y_test,47,0,1.4112660380001216,NVIDIA T4 GPU,probabilities,18,1,5,"{'background_size': 34, 'num_features': 200, 'num_samples': 1000, 'predict_batch_size': 512, 'random_state': 42}"
ADHD,TDAH,,4,tgarnet,LIME,y_test,61,0,2.073257834999822,NVIDIA T4 GPU,probabilities,18,1,5,"{'background_size': 34, 'num_features': 200, 'num_samples': 1000, 'predict_batch_size': 512, 'random_state': 42}"
ADHD,TDAH,,4,tgarnet,LIME,y_test,63,0,2.2218368300000293,NVIDIA T4 GPU,probabilities,18,1,5,"{'background_size': 34, 'num_features': 200, 'num_samples': 1000, 'predict_batch_size': 512, 'random_state': 42}"
ADHD,TDAH,,4,tgarnet,LIME,y_test,67,0,1.4789319120000073,NVIDIA T4 GPU,probabilities,18,1,5,"{'background_size': 34, 'num_features': 200, 'num_samples': 1000, 'predict_batch_size': 512, 'random_state': 42}"
ADHD,TDAH,,4,tgarnet,LIME,y_test,92,0,1.4525791669998398,NVIDIA T4 GPU,probabilities,18,1,5,"{'background_size': 34, 'num_features': 200, 'num_samples': 1000, 'predict_batch_size': 512, 'random_state': 42}"
ADHD,TDAH,,4,tgarnet,LIME,y_test,123,0,1.5528388299999278,NVIDIA T4 GPU,probabilities,18,1,5,"{'background_size': 34, 'num_features': 200, 'num_samples': 1000, 'predict_batch_size': 512, 'random_state': 42}"
ADHD,TDAH,,4,tgarnet,LIME,y_test,132,0,1.4843641970001045,NVIDIA T4 GPU,probabilities,18,1,5,"{'background_size': 34, 'num_features': 200, 'num_samples': 1000, 'predict_batch_size': 512, 'random_state': 42}"
ADHD,TDAH,,4,tgarnet,LIME,y_test,143,0,1.5460399090002284,NVIDIA T4 GPU,probabilities,18,1,5,"{'background_size': 34, 'num_features': 200, 'num_samples': 1000, 'predict_batch_size': 512, 'random_state': 42}"
ADHD,TDAH,,4,tgarnet,LIME,y_test,167,0,1.4720516049997059,NVIDIA T4 GPU,probabilities,18,1,5,"{'background_size': 34, 'num_features': 200, 'num_samples': 1000, 'predict_batch_size': 512, 'random_state': 42}"
ADHD,TDAH,,4,tgarnet,LIME,y_test,182,0,1.5861742529996263,NVIDIA T4 GPU,probabilities,18,1,5,"{'background_size': 34, 'num_features': 200, 'num_samples': 1000, 'predict_batch_size': 512, 'random_state': 42}"
ADHD,TDAH,,4,tgarnet,LIME,y_test,205,0,2.557936073000292,NVIDIA T4 GPU,probabilities,18,1,5,"{'background_size': 34, 'num_features': 200, 'num_samples': 1000, 'predict_batch_size': 512, 'random_state': 42}"
ADHD,TDAH,,4,tgarnet,LIME,y_test,269,0,1.7737916819996826,NVIDIA T4 GPU,probabilities,18,1,5,"{'background_size': 34, 'num_features': 200, 'num_samples': 1000, 'predict_batch_size': 512, 'random_state': 42}"
ADHD,TDAH,,4,tgarnet,LIME,y_test,294,0,1.4055384339999364,NVIDIA T4 GPU,probabilities,18,1,5,"{'background_size': 34, 'num_features': 200, 'num_samples': 1000, 'predict_batch_size': 512, 'random_state': 42}"
ADHD,TDAH,,4,tgarnet,LIME,y_test,307,0,1.4506640120002885,NVIDIA T4 GPU,probabilities,18,1,5,"{'background_size': 34, 'num_features': 200, 'num_samples': 1000, 'predict_batch_size': 512, 'random_state': 42}"
ADHD,TDAH,,4,tgarnet,LIME,y_test,311,0,1.5291754949998904,NVIDIA T4 GPU,probabilities,18,1,5,"{'background_size': 34, 'num_features': 200, 'num_samples': 1000, 'predict_batch_size': 512, 'random_state': 42}"
ADHD,TDAH,,4,tgarnet,LIME,y_test,325,0,1.6141308860001118,NVIDIA T4 GPU,probabilities,18,1,5,"{'background_size': 34, 'num_features': 200, 'num_samples': 1000, 'predict_batch_size': 512, 'random_state': 42}"
ADHD,TDAH,,4,tgarnet,LIME,y_test,326,0,1.4176197760002651,NVIDIA T4 GPU,probabilities,18,1,5,"{'background_size': 34, 'num_features': 200, 'num_samples': 1000, 'predict_batch_size': 512, 'random_state': 42}"
ADHD,TDAH,,4,tgarnet,LIME,y_test,331,0,1.5808484099998168,NVIDIA T4 GPU,probabilities,18,1,5,"{'background_size': 34, 'num_features': 200, 'num_samples': 1000, 'predict_batch_size': 512, 'random_state': 42}"
ADHD,TDAH,,4,tgarnet,Occlusion,y_test,47,0,1.2036002969998663,NVIDIA T4 GPU,logits,18,1,5,"{'fs': 128, 'window_seconds': 1.0, 'stride_seconds': 0.25, 'baseline_value': None, 'background_size': 34, 'occ_batch_size': 256, 'predict_batch_size': 512, 'random_state': 42}"
ADHD,TDAH,,4,tgarnet,Occlusion,y_test,61,0,0.4595662269998684,NVIDIA T4 GPU,logits,18,1,5,"{'fs': 128, 'window_seconds': 1.0, 'stride_seconds': 0.25, 'baseline_value': None, 'background_size': 34, 'occ_batch_size': 256, 'predict_batch_size': 512, 'random_state': 42}"
ADHD,TDAH,,4,tgarnet,Occlusion,y_test,63,0,0.5509066589997929,NVIDIA T4 GPU,logits,18,1,5,"{'fs': 128, 'window_seconds': 1.0, 'stride_seconds': 0.25, 'baseline_value': None, 'background_size': 34, 'occ_batch_size': 256, 'predict_batch_size': 512, 'random_state': 42}"
ADHD,TDAH,,4,tgarnet,Occlusion,y_test,67,0,0.5217449920000945,NVIDIA T4 GPU,logits,18,1,5,"{'fs': 128, 'window_seconds': 1.0, 'stride_seconds': 0.25, 'baseline_value': None, 'background_size': 34, 'occ_batch_size': 256, 'predict_batch_size': 512, 'random_state': 42}"
ADHD,TDAH,,4,tgarnet,Occlusion,y_test,92,0,0.459321983999871,NVIDIA T4 GPU,logits,18,1,5,"{'fs': 128, 'window_seconds': 1.0, 'stride_seconds': 0.25, 'baseline_value': None, 'background_size': 34, 'occ_batch_size': 256, 'predict_batch_size': 512, 'random_state': 42}"
ADHD,TDAH,,4,tgarnet,Occlusion,y_test,123,0,0.49248653199992987,NVIDIA T4 GPU,logits,18,1,5,"{'fs': 128, 'window_seconds': 1.0, 'stride_seconds': 0.25, 'baseline_value': None, 'background_size': 34, 'occ_batch_size': 256, 'predict_batch_size': 512, 'random_state': 42}"
ADHD,TDAH,,4,tgarnet,Occlusion,y_test,132,0,0.36824985099974583,NVIDIA T4 GPU,logits,18,1,5,"{'fs': 128, 'window_seconds': 1.0, 'stride_seconds': 0.25, 'baseline_value': None, 'background_size': 34, 'occ_batch_size': 256, 'predict_batch_size': 512, 'random_state': 42}"
ADHD,TDAH,,4,tgarnet,Occlusion,y_test,143,0,0.34455349900008514,NVIDIA T4 GPU,logits,18,1,5,"{'fs': 128, 'window_seconds': 1.0, 'stride_seconds': 0.25, 'baseline_value': None, 'background_size': 34, 'occ_batch_size': 256, 'predict_batch_size': 512, 'random_state': 42}"
ADHD,TDAH,,4,tgarnet,Occlusion,y_test,167,0,0.35148850200039305,NVIDIA T4 GPU,logits,18,1,5,"{'fs': 128, 'window_seconds': 1.0, 'stride_seconds': 0.25, 'baseline_value': None, 'background_size': 34, 'occ_batch_size': 256, 'predict_batch_size': 512, 'random_state': 42}"
ADHD,TDAH,,4,tgarnet,Occlusion,y_test,182,0,0.3451571709997552,NVIDIA T4 GPU,logits,18,1,5,"{'fs': 128, 'window_seconds': 1.0, 'stride_seconds': 0.25, 'baseline_value': None, 'background_size': 34, 'occ_batch_size': 256, 'predict_batch_size': 512, 'random_state': 42}"
ADHD,TDAH,,4,tgarnet,Occlusion,y_test,205,0,0.3468996739998147,NVIDIA T4 GPU,logits,18,1,5,"{'fs': 128, 'window_seconds': 1.0, 'stride_seconds': 0.25, 'baseline_value': None, 'background_size': 34, 'occ_batch_size': 256, 'predict_batch_size': 512, 'random_state': 42}"
ADHD,TDAH,,4,tgarnet,Occlusion,y_test,269,0,0.32863602299994454,NVIDIA T4 GPU,logits,18,1,5,"{'fs': 128, 'window_seconds': 1.0, 'stride_seconds': 0.25, 'baseline_value': None, 'background_size': 34, 'occ_batch_size': 256, 'predict_batch_size': 512, 'random_state': 42}"
ADHD,TDAH,,4,tgarnet,Occlusion,y_test,294,0,0.34139189200004694,NVIDIA T4 GPU,logits,18,1,5,"{'fs': 128, 'window_seconds': 1.0, 'stride_seconds': 0.25, 'baseline_value': None, 'background_size': 34, 'occ_batch_size': 256, 'predict_batch_size': 512, 'random_state': 42}"
ADHD,TDAH,,4,tgarnet,Occlusion,y_test,307,0,0.38226882700018905,NVIDIA T4 GPU,logits,18,1,5,"{'fs': 128, 'window_seconds': 1.0, 'stride_seconds': 0.25, 'baseline_value': None, 'background_size': 34, 'occ_batch_size': 256, 'predict_batch_size': 512, 'random_state': 42}"
ADHD,TDAH,,4,tgarnet,Occlusion,y_test,311,0,0.37594547700018666,NVIDIA T4 GPU,logits,18,1,5,"{'fs': 128, 'window_seconds': 1.0, 'stride_seconds': 0.25, 'baseline_value': None, 'background_size': 34, 'occ_batch_size': 256, 'predict_batch_size': 512, 'random_state': 42}"
ADHD,TDAH,,4,tgarnet,Occlusion,y_test,325,0,0.3350085440001749,NVIDIA T4 GPU,logits,18,1,5,"{'fs': 128, 'window_seconds': 1.0, 'stride_seconds': 0.25, 'baseline_value': None, 'background_size': 34, 'occ_batch_size': 256, 'predict_batch_size': 512, 'random_state': 42}"
ADHD,TDAH,,4,tgarnet,Occlusion,y_test,326,0,0.34697781700015184,NVIDIA T4 GPU,logits,18,1,5,"{'fs': 128, 'window_seconds': 1.0, 'stride_seconds': 0.25, 'baseline_value': None, 'background_size': 34, 'occ_batch_size': 256, 'predict_batch_size': 512, 'random_state': 42}"
ADHD,TDAH,,4,tgarnet,Occlusion,y_test,331,0,0.34046754100018006,NVIDIA T4 GPU,logits,18,1,5,"{'fs': 128, 'window_seconds': 1.0, 'stride_seconds': 0.25, 'baseline_value': None, 'background_size': 34, 'occ_batch_size': 256, 'predict_batch_size': 512, 'random_state': 42}"
ADHD,TDAH,,4,tgarnet,IntegratedGradients,y_test,47,0,0.3073808430003737,NVIDIA T4 GPU,logits,18,1,5,"{'baseline': None, 'background_size': 34, 'steps': 50, 'batch_size': 1, 'random_state': 42}"
ADHD,TDAH,,4,tgarnet,IntegratedGradients,y_test,61,0,0.2246457249998457,NVIDIA T4 GPU,logits,18,1,5,"{'baseline': None, 'background_size': 34, 'steps': 50, 'batch_size': 1, 'random_state': 42}"
ADHD,TDAH,,4,tgarnet,IntegratedGradients,y_test,63,0,0.22508062700035225,NVIDIA T4 GPU,logits,18,1,5,"{'baseline': None, 'background_size': 34, 'steps': 50, 'batch_size': 1, 'random_state': 42}"
ADHD,TDAH,,4,tgarnet,IntegratedGradients,y_test,67,0,0.2401616639999702,NVIDIA T4 GPU,logits,18,1,5,"{'baseline': None, 'background_size': 34, 'steps': 50, 'batch_size': 1, 'random_state': 42}"
ADHD,TDAH,,4,tgarnet,IntegratedGradients,y_test,92,0,0.21570018900001742,NVIDIA T4 GPU,logits,18,1,5,"{'baseline': None, 'background_size': 34, 'steps': 50, 'batch_size': 1, 'random_state': 42}"
ADHD,TDAH,,4,tgarnet,IntegratedGradients,y_test,123,0,0.22071093599970482,NVIDIA T4 GPU,logits,18,1,5,"{'baseline': None, 'background_size': 34, 'steps': 50, 'batch_size': 1, 'random_state': 42}"
ADHD,TDAH,,4,tgarnet,IntegratedGradients,y_test,132,0,0.21573837200003254,NVIDIA T4 GPU,logits,18,1,5,"{'baseline': None, 'background_size': 34, 'steps': 50, 'batch_size': 1, 'random_state': 42}"
ADHD,TDAH,,4,tgarnet,IntegratedGradients,y_test,143,0,0.23161576499978764,NVIDIA T4 GPU,logits,18,1,5,"{'baseline': None, 'background_size': 34, 'steps': 50, 'batch_size': 1, 'random_state': 42}"
ADHD,TDAH,,4,tgarnet,IntegratedGradients,y_test,167,0,0.240469413000028,NVIDIA T4 GPU,logits,18,1,5,"{'baseline': None, 'background_size': 34, 'steps': 50, 'batch_size': 1, 'random_state': 42}"
ADHD,TDAH,,4,tgarnet,IntegratedGradients,y_test,182,0,0.21718028000032064,NVIDIA T4 GPU,logits,18,1,5,"{'baseline': None, 'background_size': 34, 'steps': 50, 'batch_size': 1, 'random_state': 42}"
ADHD,TDAH,,4,tgarnet,IntegratedGradients,y_test,205,0,0.2231167700001606,NVIDIA T4 GPU,logits,18,1,5,"{'baseline': None, 'background_size': 34, 'steps': 50, 'batch_size': 1, 'random_state': 42}"
ADHD,TDAH,,4,tgarnet,IntegratedGradients,y_test,269,0,0.22401317200001358,NVIDIA T4 GPU,logits,18,1,5,"{'baseline': None, 'background_size': 34, 'steps': 50, 'batch_size': 1, 'random_state': 42}"
ADHD,TDAH,,4,tgarnet,IntegratedGradients,y_test,294,0,0.22222976099965308,NVIDIA T4 GPU,logits,18,1,5,"{'baseline': None, 'background_size': 34, 'steps': 50, 'batch_size': 1, 'random_state': 42}"
ADHD,TDAH,,4,tgarnet,IntegratedGradients,y_test,307,0,0.228603086000021,NVIDIA T4 GPU,logits,18,1,5,"{'baseline': None, 'background_size': 34, 'steps': 50, 'batch_size': 1, 'random_state': 42}"
ADHD,TDAH,,4,tgarnet,IntegratedGradients,y_test,311,0,0.21839071399972454,NVIDIA T4 GPU,logits,18,1,5,"{'baseline': None, 'background_size': 34, 'steps': 50, 'batch_size': 1, 'random_state': 42}"
ADHD,TDAH,,4,tgarnet,IntegratedGradients,y_test,325,0,0.21768882500009568,NVIDIA T4 GPU,logits,18,1,5,"{'baseline': None, 'background_size': 34, 'steps': 50, 'batch_size': 1, 'random_state': 42}"
ADHD,TDAH,,4,tgarnet,IntegratedGradients,y_test,326,0,0.2170923240000775,NVIDIA T4 GPU,logits,18,1,5,"{'baseline': None, 'background_size': 34, 'steps': 50, 'batch_size': 1, 'random_state': 42}"
ADHD,TDAH,,4,tgarnet,IntegratedGradients,y_test,331,0,0.24050994999970499,NVIDIA T4 GPU,logits,18,1,5,"{'baseline': None, 'background_size': 34, 'steps': 50, 'batch_size': 1, 'random_state': 42}"
ADHD,TDAH,,4,tgarnet,GradCAM++,y_test,47,0,0.10513870000022507,NVIDIA T4 GPU,logits,18,1,5,{'layer_name': None}
ADHD,TDAH,,4,tgarnet,GradCAM++,y_test,61,0,0.09576696900012394,NVIDIA T4 GPU,logits,18,1,5,{'layer_name': None}
ADHD,TDAH,,4,tgarnet,GradCAM++,y_test,63,0,0.09228392500017435,NVIDIA T4 GPU,logits,18,1,5,{'layer_name': None}
ADHD,TDAH,,4,tgarnet,GradCAM++,y_test,67,0,0.0987921500000084,NVIDIA T4 GPU,logits,18,1,5,{'layer_name': None}
ADHD,TDAH,,4,tgarnet,GradCAM++,y_test,92,0,0.09505292599988024,NVIDIA T4 GPU,logits,18,1,5,{'layer_name': None}
ADHD,TDAH,,4,tgarnet,GradCAM++,y_test,123,0,0.09002168600000005,NVIDIA T4 GPU,logits,18,1,5,{'layer_name': None}
ADHD,TDAH,,4,tgarnet,GradCAM++,y_test,132,0,0.09417332300017733,NVIDIA T4 GPU,logits,18,1,5,{'layer_name': None}
ADHD,TDAH,,4,tgarnet,GradCAM++,y_test,143,0,0.11145200900000418,NVIDIA T4 GPU,logits,18,1,5,{'layer_name': None}
ADHD,TDAH,,4,tgarnet,GradCAM++,y_test,167,0,0.09135105099994689,NVIDIA T4 GPU,logits,18,1,5,{'layer_name': None}
ADHD,TDAH,,4,tgarnet,GradCAM++,y_test,182,0,0.09127928099997007,NVIDIA T4 GPU,logits,18,1,5,{'layer_name': None}
ADHD,TDAH,,4,tgarnet,GradCAM++,y_test,205,0,0.1176454400001603,NVIDIA T4 GPU,logits,18,1,5,{'layer_name': None}
ADHD,TDAH,,4,tgarnet,GradCAM++,y_test,269,0,0.14672131299994362,NVIDIA T4 GPU,logits,18,1,5,{'layer_name': None}
ADHD,TDAH,,4,tgarnet,GradCAM++,y_test,294,0,0.12883289599994896,NVIDIA T4 GPU,logits,18,1,5,{'layer_name': None}
ADHD,TDAH,,4,tgarnet,GradCAM++,y_test,307,0,0.12611075199993138,NVIDIA T4 GPU,logits,18,1,5,{'layer_name': None}
ADHD,TDAH,,4,tgarnet,GradCAM++,y_test,311,0,0.12716753700033223,NVIDIA T4 GPU,logits,18,1,5,{'layer_name': None}
ADHD,TDAH,,4,tgarnet,GradCAM++,y_test,325,0,0.12053828999978577,NVIDIA T4 GPU,logits,18,1,5,{'layer_name': None}
ADHD,TDAH,,4,tgarnet,GradCAM++,y_test,326,0,0.13963116100012485,NVIDIA T4 GPU,logits,18,1,5,{'layer_name': None}
ADHD,TDAH,,4,tgarnet,GradCAM++,y_test,331,0,0.11940365400005248,NVIDIA T4 GPU,logits,18,1,5,{'layer_name': None}
ADHD,TDAH,,4,tgarnet,STF-KernelSHAP,y_test,47,0,1.9461694500000704,NVIDIA T4 GPU,logits,18,1,5,"{'fs': 128, 'time_segments_sec': None, 'freq_bands_hz': [(0.5, 4.0), (4.0, 8.0), (8.0, 13.0), (13.0, 30.0), (30.0, 40.0)], 'nfft': 512, 'nsamples': 500, 'l1_reg': 'num_features(200)', 'baseline_tf': None, 'predict_batch_size': 512, 'random_state': 42, 'silent': True}"
ADHD,TDAH,,4,tgarnet,STF-KernelSHAP,y_test,61,0,0.9611875380001038,NVIDIA T4 GPU,logits,18,1,5,"{'fs': 128, 'time_segments_sec': None, 'freq_bands_hz': [(0.5, 4.0), (4.0, 8.0), (8.0, 13.0), (13.0, 30.0), (30.0, 40.0)], 'nfft': 512, 'nsamples': 500, 'l1_reg': 'num_features(200)', 'baseline_tf': None, 'predict_batch_size': 512, 'random_state': 42, 'silent': True}"
ADHD,TDAH,,4,tgarnet,STF-KernelSHAP,y_test,63,0,0.7140101700001651,NVIDIA T4 GPU,logits,18,1,5,"{'fs': 128, 'time_segments_sec': None, 'freq_bands_hz': [(0.5, 4.0), (4.0, 8.0), (8.0, 13.0), (13.0, 30.0), (30.0, 40.0)], 'nfft': 512, 'nsamples': 500, 'l1_reg': 'num_features(200)', 'baseline_tf': None, 'predict_batch_size': 512, 'random_state': 42, 'silent': True}"
ADHD,TDAH,,4,tgarnet,STF-KernelSHAP,y_test,67,0,0.6887905399998999,NVIDIA T4 GPU,logits,18,1,5,"{'fs': 128, 'time_segments_sec': None, 'freq_bands_hz': [(0.5, 4.0), (4.0, 8.0), (8.0, 13.0), (13.0, 30.0), (30.0, 40.0)], 'nfft': 512, 'nsamples': 500, 'l1_reg': 'num_features(200)', 'baseline_tf': None, 'predict_batch_size': 512, 'random_state': 42, 'silent': True}"
ADHD,TDAH,,4,tgarnet,STF-KernelSHAP,y_test,92,0,0.7235831060002056,NVIDIA T4 GPU,logits,18,1,5,"{'fs': 128, 'time_segments_sec': None, 'freq_bands_hz': [(0.5, 4.0), (4.0, 8.0), (8.0, 13.0), (13.0, 30.0), (30.0, 40.0)], 'nfft': 512, 'nsamples': 500, 'l1_reg': 'num_features(200)', 'baseline_tf': None, 'predict_batch_size': 512, 'random_state': 42, 'silent': True}"
ADHD,TDAH,,4,tgarnet,STF-KernelSHAP,y_test,123,0,0.6915226210003311,NVIDIA T4 GPU,logits,18,1,5,"{'fs': 128, 'time_segments_sec': None, 'freq_bands_hz': [(0.5, 4.0), (4.0, 8.0), (8.0, 13.0), (13.0, 30.0), (30.0, 40.0)], 'nfft': 512, 'nsamples': 500, 'l1_reg': 'num_features(200)', 'baseline_tf': None, 'predict_batch_size': 512, 'random_state': 42, 'silent': True}"
ADHD,TDAH,,4,tgarnet,STF-KernelSHAP,y_test,132,0,0.6795277020000867,NVIDIA T4 GPU,logits,18,1,5,"{'fs': 128, 'time_segments_sec': None, 'freq_bands_hz': [(0.5, 4.0), (4.0, 8.0), (8.0, 13.0), (13.0, 30.0), (30.0, 40.0)], 'nfft': 512, 'nsamples': 500, 'l1_reg': 'num_features(200)', 'baseline_tf': None, 'predict_batch_size': 512, 'random_state': 42, 'silent': True}"
ADHD,TDAH,,4,tgarnet,STF-KernelSHAP,y_test,143,0,0.6807642610001494,NVIDIA T4 GPU,logits,18,1,5,"{'fs': 128, 'time_segments_sec': None, 'freq_bands_hz': [(0.5, 4.0), (4.0, 8.0), (8.0, 13.0), (13.0, 30.0), (30.0, 40.0)], 'nfft': 512, 'nsamples': 500, 'l1_reg': 'num_features(200)', 'baseline_tf': None, 'predict_batch_size': 512, 'random_state': 42, 'silent': True}"
ADHD,TDAH,,4,tgarnet,STF-KernelSHAP,y_test,167,0,0.6634353170002214,NVIDIA T4 GPU,logits,18,1,5,"{'fs': 128, 'time_segments_sec': None, 'freq_bands_hz': [(0.5, 4.0), (4.0, 8.0), (8.0, 13.0), (13.0, 30.0), (30.0, 40.0)], 'nfft': 512, 'nsamples': 500, 'l1_reg': 'num_features(200)', 'baseline_tf': None, 'predict_batch_size': 512, 'random_state': 42, 'silent': True}"
ADHD,TDAH,,4,tgarnet,STF-KernelSHAP,y_test,182,0,0.7003209819999938,NVIDIA T4 GPU,logits,18,1,5,"{'fs': 128, 'time_segments_sec': None, 'freq_bands_hz': [(0.5, 4.0), (4.0, 8.0), (8.0, 13.0), (13.0, 30.0), (30.0, 40.0)], 'nfft': 512, 'nsamples': 500, 'l1_reg': 'num_features(200)', 'baseline_tf': None, 'predict_batch_size': 512, 'random_state': 42, 'silent': True}"
ADHD,TDAH,,4,tgarnet,STF-KernelSHAP,y_test,205,0,0.6808216660001563,NVIDIA T4 GPU,logits,18,1,5,"{'fs': 128, 'time_segments_sec': None, 'freq_bands_hz': [(0.5, 4.0), (4.0, 8.0), (8.0, 13.0), (13.0, 30.0), (30.0, 40.0)], 'nfft': 512, 'nsamples': 500, 'l1_reg': 'num_features(200)', 'baseline_tf': None, 'predict_batch_size': 512, 'random_state': 42, 'silent': True}"
ADHD,TDAH,,4,tgarnet,STF-KernelSHAP,y_test,269,0,0.7205480289999286,NVIDIA T4 GPU,logits,18,1,5,"{'fs': 128, 'time_segments_sec': None, 'freq_bands_hz': [(0.5, 4.0), (4.0, 8.0), (8.0, 13.0), (13.0, 30.0), (30.0, 40.0)], 'nfft': 512, 'nsamples': 500, 'l1_reg': 'num_features(200)', 'baseline_tf': None, 'predict_batch_size': 512, 'random_state': 42, 'silent': True}"
ADHD,TDAH,,4,tgarnet,STF-KernelSHAP,y_test,294,0,0.7090920929999811,NVIDIA T4 GPU,logits,18,1,5,"{'fs': 128, 'time_segments_sec': None, 'freq_bands_hz': [(0.5, 4.0), (4.0, 8.0), (8.0, 13.0), (13.0, 30.0), (30.0, 40.0)], 'nfft': 512, 'nsamples': 500, 'l1_reg': 'num_features(200)', 'baseline_tf': None, 'predict_batch_size': 512, 'random_state': 42, 'silent': True}"
ADHD,TDAH,,4,tgarnet,STF-KernelSHAP,y_test,307,0,0.7569478430000345,NVIDIA T4 GPU,logits,18,1,5,"{'fs': 128, 'time_segments_sec': None, 'freq_bands_hz': [(0.5, 4.0), (4.0, 8.0), (8.0, 13.0), (13.0, 30.0), (30.0, 40.0)], 'nfft': 512, 'nsamples': 500, 'l1_reg': 'num_features(200)', 'baseline_tf': None, 'predict_batch_size': 512, 'random_state': 42, 'silent': True}"
ADHD,TDAH,,4,tgarnet,STF-KernelSHAP,y_test,311,0,0.6943391410000004,NVIDIA T4 GPU,logits,18,1,5,"{'fs': 128, 'time_segments_sec': None, 'freq_bands_hz': [(0.5, 4.0), (4.0, 8.0), (8.0, 13.0), (13.0, 30.0), (30.0, 40.0)], 'nfft': 512, 'nsamples': 500, 'l1_reg': 'num_features(200)', 'baseline_tf': None, 'predict_batch_size': 512, 'random_state': 42, 'silent': True}"
ADHD,TDAH,,4,tgarnet,STF-KernelSHAP,y_test,325,0,0.7720232719998421,NVIDIA T4 GPU,logits,18,1,5,"{'fs': 128, 'time_segments_sec': None, 'freq_bands_hz': [(0.5, 4.0), (4.0, 8.0), (8.0, 13.0), (13.0, 30.0), (30.0, 40.0)], 'nfft': 512, 'nsamples': 500, 'l1_reg': 'num_features(200)', 'baseline_tf': None, 'predict_batch_size': 512, 'random_state': 42, 'silent': True}"
ADHD,TDAH,,4,tgarnet,STF-KernelSHAP,y_test,326,0,0.9704108149999229,NVIDIA T4 GPU,logits,18,1,5,"{'fs': 128, 'time_segments_sec': None, 'freq_bands_hz': [(0.5, 4.0), (4.0, 8.0), (8.0, 13.0), (13.0, 30.0), (30.0, 40.0)], 'nfft': 512, 'nsamples': 500, 'l1_reg': 'num_features(200)', 'baseline_tf': None, 'predict_batch_size': 512, 'random_state': 42, 'silent': True}"
ADHD,TDAH,,4,tgarnet,STF-KernelSHAP,y_test,331,0,1.146571707000021,NVIDIA T4 GPU,logits,18,1,5,"{'fs': 128, 'time_segments_sec': None, 'freq_bands_hz': [(0.5, 4.0), (4.0, 8.0), (8.0, 13.0), (13.0, 30.0), (30.0, 40.0)], 'nfft': 512, 'nsamples': 500, 'l1_reg': 'num_features(200)', 'baseline_tf': None, 'predict_batch_size': 512, 'random_state': 42, 'silent': True}"
